hydrological_dist_to_nearest_BF,num_upstream_BF,hydrological_dist_to_nearest_IND,num_upstream_IND,CrR,NiR,CuR,CdR,PbR,MR,SandR,SiltR,ClayR,FeR,Long,Lat,AsR,Source
0.03229815861965445,17.765866849392523,0.0296729325490104,10.109029499165409,70.86897754206083,32.24006743497005,111.95888007456323,4.261243158600936,86.89404906198051,34.28463155887327,16.253926532930116,45.48848307950527,38.11864328314824,41735.221423255825,90.43060852430817,23.61274469982163,15.02158219883568,River_Interpolated
0.05497739212635125,9.226560192675011,0.04668718364991977,5.664367194597808,61.47689925990756,27.107515853932636,71.7744541255554,1.5757125967970922,42.91076914472573,31.605381065630578,58.10379237244712,22.30076244979028,18.16088480608446,29951.578627139625,90.11406230846896,23.663772897619914,17.078129756384175,River_Interpolated
0.0487732418760944,11.943555092905562,0.020051393653884076,9.38859063981725,75.17973730147924,42.28495686275936,123.68856122144715,6.0481004832696215,121.73600338363738,34.74647156720521,13.34840564017515,40.31327187892797,46.11724052151228,43306.98650210281,90.43220335875687,23.637573201575652,12.670884803018579,River_Interpolated
0.06923241038601975,19.31132247380019,0.036319569734251635,3.2582536495538794,13.076752442159423,39.721705586271405,86.34765637455968,3.518396545873058,165.22051251589832,32.395203895580906,18.752019288508077,30.70854723282168,49.660044638018995,47780.74347790394,90.34576902211585,23.834252994638916,11.102591208922362,River_Interpolated
0.040321173843151197,6.10627254378747,0.039612133558485564,4.029582659582521,67.33073292465116,28.29348591535662,59.85384991801763,2.0200484505846337,42.42380102135789,31.364910573270045,46.7817213412104,33.08268736646092,18.832915792681327,29048.062189135126,90.02328345724526,23.67071966636189,16.703959087764915,River_Interpolated
0.0014878062506744041,6.658592527853363,0.031733654051308194,1.8440627266333771,19.299844979872418,28.2043767684922,61.58226903366952,3.6839234272587,48.271999835909995,36.769826175087594,40.5991922883172,34.06463994945708,26.004787839384704,31180.904959305924,90.51398723859859,23.77681852243475,8.838504298340544,River_Interpolated
0.0397921290442716,5.5571694771582045,0.03461278782947157,4.141531006767195,66.55034885117398,28.50947381808921,59.69116500191751,2.023502941378145,41.72070828531527,31.304131167293136,47.26379635302828,32.56687811087978,19.22107142582157,28273.350223843227,90.12709234600067,23.74106803843212,16.673174641660857,River_Interpolated
0.05777532610005656,15.84625746065926,0.022144255398236563,7.759195963330392,61.22948244955895,13.582510443025262,98.86575769713998,0.9929844953656024,41.88694180027893,31.27557811975925,62.72190047039135,10.983462361655057,24.37940074165701,38888.70184715255,90.33008134844431,23.65493746951183,11.035667768014504,River_Interpolated
0.017058151454110073,3.708563204364372,0.008369862318177003,2.94450635881881,75.67229450170119,25.389231262809844,50.06588566550719,2.385438001458332,40.771809818921575,31.099287693337885,34.6041008566438,39.69568088170287,25.234315298046916,27559.169083742876,90.11284092605601,23.813285073043964,13.10227736380788,River_Interpolated
0.06526730914157539,13.157237849190768,0.06033534746668929,6.179979974394591,62.68391818137654,23.374808400896885,89.69203773983953,1.536306191402001,54.0356898676751,32.17368014469826,62.1169864781279,17.204341090499586,18.134576380515902,36365.252286738425,90.27156734782558,23.6523007269332,15.15392516441553,River_Interpolated
0.0006062176193276264,3.215741611457256,0.01025770669135722,1.1747128630212702,35.54963422619229,22.713369815221817,67.23534838127874,6.287360540102471,63.438169863253684,37.178343243794565,23.51346664531911,49.57813697403126,28.557473805170638,30687.092688056713,90.58895330871239,23.91962318972518,12.37146225223882,River_Interpolated
0.008862622686167953,8.104728906501865,0.005406597070706301,3.054094433674282,79.33977498635694,23.43533704378362,45.79594312028535,2.603848225421461,52.319845962304285,32.19409642851743,21.45934539351541,46.447940902245726,31.332131734759123,30531.88830632046,90.21672397325857,23.993396304083365,9.590097913844659,River_Interpolated
0.0006576624145687485,3.3297159969095826,0.012665305472781321,1.1328790234104475,31.058786942930098,23.02554280762864,65.02488735667181,5.4380698429259,58.10298349940497,37.089281436103285,25.9111942161967,47.157090563862106,28.131146321587654,30315.959796277795,90.53074079421465,23.799430311171633,11.403097107141695,River_Interpolated
0.006729230109317993,7.437901073974615,0.005512830307940023,2.7480723947700936,82.32536538745633,22.44870008075538,44.550826433047895,2.623334885219447,51.45972983767435,32.17903857112519,21.42307784495645,46.06104564497378,31.88650014135509,29820.81051654726,90.21627753012028,23.97277094953435,9.29544905849455,River_Interpolated
0.007204613216679736,7.579281925876169,0.005475755964221377,2.814873070479938,81.63428803771623,22.67944900472868,44.8370015129618,2.6190255438203804,51.620896175089925,32.17754832642867,21.433729412905233,46.162356944155164,31.74084995279391,29989.373613671734,90.21541520271951,23.977335716596485,9.369537331584707,River_Interpolated
0.039661077626627864,15.337769216516804,0.02005518510759357,2.971464633269111,24.420234616662395,41.44163246697297,76.68909079970086,2.8039045025482503,107.28433744053251,32.38432548594831,23.387964159469725,41.784988637427574,35.79610053981355,43096.21587757278,90.30615535952512,23.799189034596115,16.18571259473839,River_Interpolated
0.00982957202961623,8.162772052041731,0.004693911836668261,3.235475624462511,75.95585546276271,25.07488867826031,47.06571171305399,2.5709933624791934,50.871417247296165,31.951931961067086,22.68499303831944,46.371775867755765,29.792856040098425,31074.27440241647,90.08128629682257,24.001910156574773,10.346832403767582,River_Interpolated
0.0005564734329271052,2.999976368062392,0.009616121105473557,1.0714942972838357,35.705137244346645,22.271158966766947,67.04955295139081,6.266969215761451,63.14941326104198,37.17016228487637,23.12549057962623,50.18239620663714,28.320335582630634,30565.587672370988,90.56220620626468,23.91473991373703,12.401885765716965,River_Interpolated
0.0455574301757906,3.345509836634646,0.04222940487067396,2.342914900330661,69.1933355807811,47.545975376895875,132.9720157178209,5.031646967237895,143.80751542083226,35.88504153649267,52.58272887174549,26.51827186561566,19.98253576858978,42744.00072728248,90.35365486546185,23.732604473462768,10.946899010059072,River_Interpolated
0.0396495457199041,15.323126423334333,0.020046117690906487,2.9739720520616193,24.47160359804814,41.4297758573341,76.66358903168887,2.8028625969137653,107.19474027503182,32.38236553572945,23.42662833408755,41.76198826869357,35.77759554996014,43070.299450644816,90.30608905838798,23.799161989884755,16.185813217814086,River_Interpolated
0.0005809993846956464,3.0477710281119013,0.011043724208994538,1.014668659622664,33.37533555656182,22.331043129682865,65.82733448048272,5.8131092826233015,60.24127238673016,37.112561664080886,24.529632073299915,48.984441548939856,27.884400177619654,30362.13009876609,90.53289678974468,23.801715419497015,11.89613753427933,River_Interpolated
0.03609845651615503,15.388364249427454,0.013164857814698722,4.893971883370769,51.540853170166955,29.618323161488913,60.596975184674676,2.764644879408803,87.52552033780762,32.973808969581796,16.95136255417745,47.13813688835671,35.18963754769683,38609.019609062,90.36870159211306,24.1001144404421,9.987490225518147,River_Interpolated
0.016785663089758186,3.721298252087469,0.00832286698794371,2.9147929720747863,75.98786101788274,25.23544423231606,49.893072353779345,2.392711260401134,40.91828640211193,31.114514034016665,34.287546388511316,39.88180584016109,25.37705803402817,27591.909007310565,90.10334916624168,23.816622456479212,13.010582268621667,River_Interpolated
0.01915162098763663,3.6838849067067327,0.009073423149746901,3.0977524142819486,74.6531611397895,25.64468246773808,50.89948574827896,2.354210932756517,40.753248629219,31.115175051314047,35.89419589581877,38.873667760565326,24.89428934336322,27329.055599490417,90.09341709216922,23.79383373328925,13.386912338691335,River_Interpolated
0.06274930909228725,8.6241415068522,0.0570824283028338,5.590801205292127,60.7180967829471,27.696011856176078,71.33825495338888,1.607606857885532,45.12290420190938,31.85341113176566,58.80213650019443,23.838388395150407,16.484839149177432,29504.85773082618,90.21764339627049,23.706580710760168,18.276921186897596,River_Interpolated
0.008211431232190366,4.030381949961215,0.006152824729527173,2.185649776386155,82.71626469528508,22.581883260699925,45.58470433470071,2.559380303315103,43.13780682940007,31.321512499868106,27.15509926590223,44.02632978421033,28.249853994371115,28442.622261629014,90.14117004911101,23.89216755942142,11.071677786033502,River_Interpolated
0.024315899506276682,20.186047746163005,0.03483927996688385,10.078081978857842,68.9548147721351,27.228622824262516,106.36580470984966,3.3931046777936547,70.29492097607101,34.192148834383545,17.39268616988406,48.37521780462457,34.397155325958124,41428.73390306964,90.4176965406939,23.589925489554616,16.14253627035432,River_Interpolated
0.04032448550441202,6.106701155453953,0.03961670676307304,4.029752404979085,67.32992086130605,28.293721739448753,59.85511144155996,2.01999726197807,42.42446232309608,31.365014327644744,46.783372035497024,33.081584329469685,18.832319455245127,29048.142219605514,90.02331545332937,23.670663297951172,16.70434671976831,River_Interpolated
0.05748179174702658,9.56807707788142,0.01584122490725275,9.13984789817486,77.42720244840397,45.845605492235194,129.04700910843567,6.604849037126782,135.37520092062775,34.72631383591622,13.526102719756546,37.250644920651126,48.78687866881346,43936.34304728348,90.43386240640017,23.643177557448645,11.535152073283326,River_Interpolated
0.06156257764989616,4.316756554540101,0.031040697006438574,5.482431024298594,55.84479864777318,28.860215581181258,67.8584969632026,1.8466727461564973,45.661823555093434,31.649933822101914,55.4989221150113,27.929826898286553,18.748265103134184,26036.884347815274,90.26520979845175,23.760363728580693,18.520697490145817,River_Interpolated
0.03979270197393894,17.038675788144435,0.013216587604631699,5.6111441937399915,47.55041263329181,30.85473971591373,62.189409646336706,2.710150910799065,89.42743616108363,33.26730017214602,16.826796865021198,47.47271991785688,34.95363211369402,39365.74936742222,90.3522104740764,24.003759698692324,10.125050137608513,River_Interpolated
0.06129594133913672,7.495003867303306,0.04947392117123058,5.591095143995114,60.20705984646424,27.83138859898763,70.17535124415512,1.655920254401884,44.20869047814365,31.74923275927658,58.291872595723284,24.352303885713447,17.089431431593663,28418.419984049848,90.21138674261438,23.716521464531127,18.17367784543794,River_Interpolated
0.026155102320713317,19.67911987594076,0.03239968270198049,10.334206952049831,68.5965516038636,28.849551287486168,107.1525290596141,3.7314908654641927,74.47435575661788,34.17416341710234,17.730944432188448,46.57021168441026,35.611634865120394,40998.04607266911,90.42166655387342,23.58540551703465,15.777678360989361,River_Interpolated
0.029168369051873172,18.663568293912004,0.03250166139991528,9.94008342840428,70.68830062584237,30.073807033442215,110.1847033524786,3.8479932055867927,80.44502817118808,34.28417696402459,16.163052382127084,47.44151403762837,36.49711790278514,41954.219132822334,90.42666797381452,23.61238350037364,15.532831389406239,River_Interpolated
0.004264624575914825,25.3340379504689,0.053618344372501785,8.907650503106204,69.49118033892208,15.714906953602235,97.76770270953308,1.093290442175584,36.387658930979335,34.48505445003901,13.208980885558478,63.358506067844594,25.309909445888927,43441.80173019394,90.38182521172472,23.633058444331937,19.50596087622084,River_Interpolated
0.00024897428959299727,1.8360471739750435,0.004220834720815065,0.45961828356108914,43.92092788524984,19.17549515185104,69.46020278025732,7.518472879204287,69.93179563544885,37.20320353054388,18.656970691516975,57.18033903274444,26.489315218148683,30611.21746528898,90.55374166004363,23.866079992293216,14.135964624683663,River_Interpolated
0.017632533437468702,3.7053368133125986,0.008574723720141364,2.984949997318061,75.43456398716418,25.43309654338538,50.27994269991336,2.3774953481885692,40.80210204745877,31.108162605776222,34.92815174723981,39.48231898871752,25.165481879056788,27494.29584142049,90.1042876120621,23.808754831776525,13.167676266853594,River_Interpolated
0.008555513758916007,8.005385835721913,0.005415948669707544,3.009271786457415,79.75915828579176,23.297240630177996,45.620197306402574,2.6067032571353996,52.18296144300116,32.18979286247174,21.453775420359023,46.40031555962028,31.40239242118225,30434.396741196444,90.21635891069417,23.990305986365758,9.551137659468926,River_Interpolated
0.06966047013896132,11.688314116356697,0.0898352628000241,5.327066712015479,62.3905457234268,28.985253610117468,72.53782386553361,1.526326753836284,49.498940286566686,32.36240699619797,60.08371421759491,23.979255360269722,13.164995088183398,32263.312399533846,90.26664631177809,23.721661924964746,19.683826370710737,River_Interpolated
0.00032267810793109474,2.115345301038266,0.005738108964529953,0.5701307756074516,42.05671132479074,19.812995844264346,68.8574782984978,7.225213331017624,68.28724321163797,37.18341290448709,19.907075656868958,55.591796758881344,26.67853535477702,30605.97579202185,90.54289195557911,23.808691334248223,13.738823621417662,River_Interpolated
0.01042100328541459,4.040844549468116,0.006877281953889767,2.390571141616096,81.30308583598752,23.128669076693512,46.58600872583135,2.5161493862945292,42.947358710237026,31.328398375416416,28.95465608933081,42.77682989195935,27.784823519563727,28100.38879534414,90.08674936230243,23.934023892300498,11.465723830688919,River_Interpolated
0.007937326353985839,4.052487426905143,0.0061069272823655995,2.164197509125143,82.98069195293027,22.474319961789906,45.43012886205534,2.564796921027835,43.26457055021867,31.336727454888603,26.916219570618,44.13804792766741,28.38174854548475,28453.748358891793,90.14339336037119,23.894001574766023,10.9936686055056,River_Interpolated
0.025211489293486326,17.71104348077752,0.01618624341408175,12.942272800061637,61.75021290377895,42.9204996143189,107.3576973848771,7.030580525675792,102.86244877806618,34.93424061235648,13.215668091711105,38.655809055310364,46.67332238272155,36539.828924783316,90.4628845270679,23.582876359801496,14.522549248143532,River_Interpolated
0.0017163752937772757,4.370538462811466,0.0036617756903211873,1.44566899799092,87.75776550318572,19.70314132055236,42.099730054348704,2.7582740886471555,45.72787827235489,31.412756068141142,18.19831886719322,50.79390088584329,30.348106270713647,30656.63606687029,90.23057095440481,23.88405835503762,9.253033441329993,River_Interpolated
0.001118738119097553,5.643632305961272,0.005793232646319924,1.9028059083268076,90.45224627604813,19.61605854222982,41.176514097025375,2.683907074738562,49.31875273291307,32.14298386382195,20.93414013903101,45.40611850406448,33.415623466370626,28052.33157103756,90.2316988298273,23.894888374204086,8.445338911310571,River_Interpolated
0.03444247384808006,15.326273590817873,0.014734894041406986,12.112287453823017,65.5845382165644,44.66780757182031,113.4007838760307,7.129099207105176,113.75904498073452,34.88567977001665,13.334874585914804,37.3732748511664,47.96548433491587,38204.606315868914,90.45859697849004,23.611309409799283,13.56023877071093,River_Interpolated
0.07069655234704003,19.03232957775137,0.03784623622594773,3.0255498646798604,12.790103251721233,39.50462795719997,87.05140932425759,3.5854599366203894,169.40648620771353,32.28036937486646,18.937386027943194,29.35179716789985,50.745558312105764,47890.952413753694,90.34503411615795,23.825385725765365,10.863492555357377,River_Interpolated
0.026142513597246817,19.682966859646747,0.03241552398099938,10.332564937688323,68.59742598625712,28.836968274644462,107.1450333971755,3.7289741361090307,74.44071031333814,34.174065766189926,17.73182049225105,46.58015989911118,35.60233338527853,41000.33935758,90.42162258031864,23.585398849767135,15.780043435196465,River_Interpolated
0.0026387746947529535,6.399078834925947,0.00613171945618794,2.220566088171555,88.74008910338202,20.313918416236117,41.93271193153104,2.655960670037421,50.70794470008562,32.299016468314484,21.43074551085381,44.706452436205076,33.606983241830605,28103.309532051964,90.24636174578946,23.927464094110036,8.499026168853792,River_Interpolated
0.07338556033287942,14.402499144507226,0.11582382401466043,5.051921288181498,64.26247559440453,30.35609188192765,74.53295461544333,1.505248856109483,54.312383231470726,32.811419228444024,60.932847627192764,23.786898662229902,10.689974181953803,34943.50184521311,90.27827118937056,23.711967608354744,20.521135913649243,River_Interpolated
0.0038386351792989546,5.609426108509533,0.0032154182280165183,3.681842016317373,67.36450988893247,35.33592614423272,50.20351708862835,2.1793473277619864,35.219915849210686,30.63015051920645,43.54236342953941,29.92688257029287,23.282506955117455,25472.78306096238,90.24795671528346,23.816369686865876,15.171436842179377,River_Interpolated
0.026889248843218937,19.474426784128788,0.03128139430650763,10.466674183886274,68.3857781293382,29.593844375075378,107.45085205377798,3.889649998743207,76.3103131722403,34.16708565816266,17.86880423849821,45.75682362793863,36.16728180163795,40775.59858531282,90.42364173284248,23.583112341918024,15.621130747583853,River_Interpolated
0.00022291286233704836,1.6781483257701448,0.004033213682386343,0.43517251128991924,41.99414750118743,19.144263812166834,68.45476898472066,7.13980261036699,67.5531280660151,37.18897901527731,18.815752443691117,56.551771990255304,26.712883723658674,30332.898343724137,90.5256006760955,23.83867782919983,13.727845131480999,River_Interpolated
0.05188260165925725,16.30655508627165,0.0301700888621286,7.557962781509897,62.75833727678933,15.82647948941149,99.3976150663108,1.1915360468636615,45.990938233670654,31.890850404205153,56.90158696659348,17.83000333326956,23.69599076221482,39393.81612409215,90.33355701718044,23.639557798012273,12.306585217220233,River_Interpolated
0.00983531085715926,8.163996864006766,0.004691213481975247,3.236766845572131,75.9383435742344,25.083700781128588,47.07238726258416,2.5707817685876027,50.866141700403816,31.951044024784437,22.69251528143027,46.36909761937699,29.78615229763566,31076.19689027125,90.08049950702521,24.001710922018816,10.350462871348883,River_Interpolated
0.028213171321961765,17.21023547713952,0.023226784972507238,11.215788096956606,66.59155982623847,38.430605559432784,110.20311719871596,5.843133981311969,97.5646498945918,34.867700801660526,13.090547841029814,43.117802285061494,43.29838114843107,39607.951492744716,90.44229309564051,23.596073778284357,14.80245941198288,River_Interpolated
0.006209840455890253,5.692375253905583,0.005187805931302525,4.054142620738045,66.61834170353406,36.123378049012,50.98492743551519,2.0922505369540936,33.93058294774584,30.667762983334487,47.11660507599448,26.94355704986191,22.57243903386644,24370.49140729495,90.24079772800575,23.792634741135437,15.636595052151197,River_Interpolated
0.04094423256774981,17.37043869939546,0.013520337080419774,5.710821405561047,46.27233145710306,31.205263226528615,62.84260885516744,2.712424854621143,90.81029799520878,33.30117015420814,16.77515164211471,47.39310735029521,35.07134949629324,39670.79589417262,90.36443211851642,24.007924843102547,10.170849023858697,River_Interpolated
0.03186996492935175,17.887652676860355,0.03026301740441141,10.044179377723781,70.95251548290094,31.829818173942286,111.76055054756749,4.175989211209427,85.84281076871859,34.28687539900786,16.20238892982553,45.90676982539794,37.81277688405643,41840.13353732017,90.42966409033272,23.61360805107501,15.107607538871848,River_Interpolated
0.01415323661170068,8.420477728736895,0.008461419757548862,2.6284740691646578,56.7738486806534,34.1731231347179,57.2336980500095,2.6200025772539868,64.43916441860321,31.05653060508048,29.495002164956272,39.179585751288315,29.409784037240414,33608.6060475521,90.27641176604806,23.821679642497426,13.896851890805522,River_Interpolated
0.04034761791530167,6.110033256665347,0.0396515773584501,4.030850190292748,67.32483238153405,28.29523248353223,59.86391111538858,2.0196413486623395,42.42947941709011,31.36577018225974,46.79445748346188,33.074287483692984,18.827947987641217,29049.202774733632,90.02340269764984,23.670159975014677,16.707043274568157,River_Interpolated
0.003262126117508526,25.627780474756488,0.05418200391147308,8.949386001352217,69.44625320275657,15.387037915123472,97.31500467978096,1.0405351489374535,35.12785310907216,34.501735618276534,12.648552623159048,64.10054813906967,25.18351634501439,43461.812657887,90.38377945444232,23.632045343379954,19.672534526908883,River_Interpolated
0.014204423834448192,8.845345827398145,0.008017238551507938,2.8150284240214636,75.85995761073602,22.926079040720158,48.43143806001331,2.7499537627557302,62.83474094220259,32.26969484448381,18.1054268281987,47.990851151714736,33.44842210156678,32784.222341467546,90.27092911766377,23.90988543296801,9.087776722107261,River_Interpolated
0.01042872321897311,4.040367435754149,0.0068789324116176895,2.3911639737621924,81.29665654344218,23.131121213543963,46.590009060841766,2.5160072517581,42.94475271347386,31.328103781427295,28.960836448591095,42.773720579898416,27.781786197475576,28099.92987656958,90.08661777510274,23.93396438458263,11.467604407767155,River_Interpolated
0.008868189263019135,8.10598762806792,0.005405179954775401,3.0549046944494,79.32891508221671,23.439597817912002,45.80025186712794,2.6037702937224148,52.31911655727703,32.19371341486881,21.460918737668116,46.44906958398061,31.32858108677594,30534.276142236056,90.21655468570033,23.993530570299576,9.591822809283794,River_Interpolated
0.024144286410095153,11.973925233977535,0.010367288561177336,3.841343623614411,64.91293651727241,26.012018497824833,53.87160856245773,2.7437669140404224,73.95569606998411,32.65352537894897,17.784703227222362,47.33088199000296,34.32866103142531,35252.68805420275,90.27197500950642,24.005110884782805,9.460413134142641,River_Interpolated
0.02799111444164061,13.237427223816981,0.028300230524849458,1.8436012325687519,11.03530713135159,36.01215358100529,71.62562260106625,2.4792066975858416,93.39128594859895,34.338724310637645,26.77665426272803,39.33996415416878,34.32563532818046,40878.95810569626,90.40608054398363,23.79363015666628,11.629698821478778,River_Interpolated
0.000248603919055017,1.8347231439755602,0.004213855420232175,0.45886546475454115,43.934220065164844,19.171520670695763,69.46471392128626,7.520615063359392,69.94386607311264,37.203272412643834,18.65078004623158,57.19032731926571,26.486750901941882,30611.640963179736,90.55377421978324,23.866033233280042,14.138774114087797,River_Interpolated
0.014130763046129976,8.41313299117153,0.008449887718016878,2.6280738513243236,56.80501029124659,34.164924622022035,57.2156837679137,2.6197396056672844,64.39197411212012,31.05541493702856,29.499903975841566,39.18151374438908,29.4014614566621,33600.02658691047,90.27637626676118,23.82170515305303,13.895587889780423,River_Interpolated
0.03413755690318178,14.77570391984359,0.012724255300044895,4.691734870107034,53.70868071589793,29.012418908518594,59.525934986498314,2.765825779300728,85.38048940819277,32.90116534795748,17.037065103442323,47.223179871918,35.04061718435153,38106.966417106654,90.34038862601972,24.10241173384922,9.910072085520845,River_Interpolated
0.06185754086812764,7.785313614258219,0.051642005797030016,5.592945857561694,60.320971188365604,27.785852981256873,70.50858578713195,1.6429200561122317,44.488787677247004,31.78088650191469,58.45098216682469,24.23155767217495,16.90476974648953,28704.200527402485,90.2139067053542,23.713810671952675,18.217456931284694,River_Interpolated
0.01771243144592915,3.703545849158007,0.008597070045329943,2.991895680015282,75.37644492358406,25.455667369940386,50.31852397873694,2.3759541312061874,40.78651997660134,31.107013204249284,34.99346845478842,39.44196864265596,25.142366428218732,27484.956190946257,90.10491320392161,23.80802214558737,13.1842623343682,River_Interpolated
0.035084538757616995,15.50963099132917,0.023345444485489437,10.388829748974816,70.03429560262516,38.92476779968421,114.8556579721478,5.718115836541848,104.24238072551044,34.81434479514433,13.148529147613473,42.952522956658875,43.63279031637541,41230.25487071057,90.43842857628816,23.615986731662094,14.185962396989376,River_Interpolated
0.005694931647411477,7.240019321928802,0.005825134726924671,2.6121103214336188,84.37349543750997,21.67273170752088,43.74157120581043,2.6355097793488773,51.67893743655135,32.26717548445064,21.213493216766064,45.71093080475432,32.610810299500514,29316.195097870987,90.24905351409082,23.946784797979046,8.961601104543595,River_Interpolated
0.029673226613666705,18.519869796499258,0.03202223219334234,9.971917598718358,70.70213693802056,30.430987388383134,110.46072724313343,3.9170706706803604,81.48927988520015,34.283427451069144,16.19019885686958,47.104568803790656,36.76468768416711,41909.45672138561,90.42733864705114,23.61226182365539,15.44836041821868,River_Interpolated
0.05882432318685971,25.24573756808381,0.013403686193037015,9.157140651173604,26.80437211681273,37.13178053786999,70.53682155812443,2.452596015215555,99.26573221048359,34.6565785053587,15.765589021169276,49.79617126212929,33.516751153218685,43616.8881632505,90.33551228581521,23.90920275630804,10.90756109626494,River_Interpolated
0.013183270810021479,18.377900186428015,0.008556269965465829,14.753377875996765,46.68235921030038,48.822533302056506,94.68535802861614,8.788945623390743,101.79697572359535,35.433747400676005,17.793903021709006,29.85735606229811,49.82010379304395,30586.490375626796,90.56442380028733,23.64295020765157,13.770634221970806,River_Interpolated
0.007208997829891458,7.5806267160373215,0.005475494042606761,2.8154952752302576,81.6280830055559,22.68149923940072,44.83958346838445,2.618986111412259,51.62257123289541,32.1775636884862,21.4337907903401,46.163221107015474,31.73964246062766,29990.87353252685,90.21541490745727,23.977376760709003,9.370166244773392,River_Interpolated
0.03442231956707721,15.331482152631299,0.014730864525505127,12.115696523616489,65.57285038434303,44.668845916687346,113.38686418521327,7.13002051301083,113.74353216604075,34.885755890248724,13.334731710404569,37.37149234828715,47.966112096218296,38198.37623990411,90.45861865174349,23.61128301976687,13.561816703761375,River_Interpolated
0.05424634541949981,8.451937186968244,0.04489618311365134,5.562522796839254,61.30215706200713,27.83737990713048,70.13335079726701,1.629097227067738,42.770191190835035,31.59416765858508,57.598989713351635,23.15365319147743,18.09932939117742,29111.206430776758,90.1393116049885,23.702114237740556,17.336933022802448,River_Interpolated
0.001168249096033705,5.326644519134507,0.024181929028536515,1.6641335294852109,21.41173357081483,26.610002110345945,61.937444805161086,3.9378007156823234,49.606001326664654,36.90169498970089,35.04737380355522,37.90185854865159,27.63092718051926,30599.15525372002,90.5187606970789,23.784538393922396,9.322042265988157,River_Interpolated
0.0011430761769358712,5.62735209786549,0.0057572902283622345,1.897560123745711,90.38590601813598,19.62555244154253,41.20078238612093,2.6849501298112557,49.26456040550655,32.13100064970763,20.89144369813724,45.49567806610205,33.360774088586965,28099.598282028128,90.23190783087135,23.894679944718916,8.461113299200761,River_Interpolated
0.0002603162628557451,1.8801047208071724,0.004413217678934695,0.48190425171257045,43.667160771804724,19.285966625540137,69.39449491692082,7.4815004669455405,69.73801298218687,37.202387703383884,18.81036637296106,56.94490505892878,26.55129020048488,30614.87174271935,90.55587287172618,23.867227559297213,14.082454587017597,River_Interpolated
0.013229130183932378,18.311437479587077,0.008632364313294892,14.694563445581467,46.66335403339908,48.79389944355526,94.66891248966756,8.783868882008793,101.79959660712223,35.4472729832195,17.848120535370906,29.845473478461827,49.809004338331874,30638.935787738334,90.56437465396174,23.643837063103543,13.752652598961307,River_Interpolated
0.07286054818605747,2.0303203920466504,0.027285994191572932,5.99309117360777,55.57401741075782,26.117323511487157,69.73770651897412,1.7906668529366638,43.41835771702451,31.61997386740922,58.957373315730074,27.007480400051307,18.00824455734754,24014.13061456238,90.24488051335143,23.75555715771286,18.765929327981137,River_Interpolated
0.05001052233677041,19.05763652942815,0.0253889223922563,3.1892844204267923,15.190441582860341,43.4563484443752,85.87258874717158,3.218592571332298,136.25028463981835,33.14696387502897,16.803058897402074,43.286286592804586,40.71655863991869,48599.50269279459,90.36549795696365,23.807097502909674,14.447337070409375,River_Interpolated
0.01044231693217459,4.040842704926216,0.006884344195066737,2.392416448660611,81.29053112002082,23.133072977900156,46.595280507595135,2.515764048097297,42.94609085067164,31.328501915098144,28.970659040868306,42.765935777760326,27.780695645899293,28097.380701461,90.08595458770735,23.935021644886657,11.469224276321583,River_Interpolated
0.008626792749499995,8.02749755045596,0.005411672090248215,3.0196410988838007,79.65652377760155,23.332083094627052,45.66280967322977,2.606003355337357,52.209400447848,32.19001581793092,21.457261065407167,46.41208793903409,31.382292845405473,30458.14820515325,90.2161658480947,23.991130710614314,9.561844412699134,River_Interpolated
0.0023876516710854712,25.885344830667478,0.05467286881444883,8.985745443179528,69.40278120135433,15.094613478282694,96.91323256150821,0.9935091967378685,34.00951309028781,34.51554119428866,12.170191943587211,64.74119433636552,25.069000101020276,43477.81873007784,90.39150127208735,23.625820664741024,19.817563805477544,River_Interpolated
0.032163142337685226,17.80478184299971,0.02979826658133856,10.101026152182499,70.86232671600715,32.14367716131376,111.88200503974927,4.242771019198766,86.60992121708864,34.28453304427239,16.251039663777835,45.57421809021171,38.04658344945123,41745.70195256573,90.43043067812879,23.61273054318166,15.043863204021939,River_Interpolated
0.008580602651525776,8.01281075558514,0.005413636471312108,3.0129128066112223,79.72097512803724,23.310598262766984,45.63590452150683,2.606441665851685,52.19021256154589,32.189573741006704,21.45588311486852,46.404696994377076,31.393857595813863,30443.176884707278,90.21618124682233,23.99064010435438,9.555551560470454,River_Interpolated
0.07382099130007472,14.80926032233403,0.11988964340497617,5.020288840614932,64.43020027043472,30.511351775344963,73.74295151503057,1.4695565149496226,53.85537133298088,32.83048350145848,60.984330139087454,23.892132847287055,10.25806886401242,35094.53177891127,90.28086222139243,23.706594186952675,20.7863646908845,River_Interpolated
0.007211074345932694,7.581122616568485,0.005475068447106964,2.815779569384372,81.62442314076333,22.682837504153788,44.84105367676141,2.6189633720757337,51.62261732775515,32.17746030448979,21.43408027030356,46.16378279366963,31.738537089251437,29991.758746240714,90.21537681939813,23.977406309926497,9.370692217383317,River_Interpolated
0.0006084814733579874,3.2226763957911855,0.01031278989094816,1.178708644366135,35.419995950355315,22.738907290246278,67.18313096439309,6.264921567685556,63.30555541363313,37.177210074134685,23.567582654707454,49.49581160478666,28.57269922176609,30679.120663486963,90.58683235958168,23.92130810485287,12.343931078482958,River_Interpolated
0.018425118238777665,3.691495973304649,0.00881647894837056,3.049098268488652,74.94278796602346,25.600647931617385,50.63284042308173,2.36373267154282,40.713430114173136,31.104576172219208,35.50573876215133,39.120840470951975,24.981134000714164,27403.788074630294,90.10491675955986,23.80169605530293,13.306951131791372,River_Interpolated
0.00014638317688789754,1.4592726951346588,0.0024041872910117597,0.24439919074720406,47.18767360665533,18.081188944575672,70.49523246139108,8.031138922707056,72.76467950999502,37.215639035822484,17.09037127430353,59.76625946587473,25.76515994217462,30682.10281541885,90.5433649606997,23.817755752652612,14.825160679159724,River_Interpolated
0.00025487938496637004,1.8588025376199528,0.004322167932666565,0.47125174602363684,43.7808505388099,19.233569041398347,69.42221322520186,7.497734247054215,69.82174048936794,37.202708279547714,18.738766380170272,57.054117100990645,26.52237832991171,30612.255747301297,90.5546937331564,23.866707381194825,14.106415939083414,River_Interpolated
0.0620169149570641,4.362104932106184,0.0316694647743856,5.488784472974411,55.800665262370636,28.817290020093697,68.00925409555862,1.8433593903207104,45.80377894797457,31.663222511075983,55.568217251017025,27.93212268400627,18.682603948642747,26102.059879644185,90.26569590218114,23.759001704744012,18.552681100378134,River_Interpolated
0.00017945047903433805,1.5454771060841748,0.0031228852305980074,0.3344139237556006,44.56378788584261,18.583820283692464,69.445965190504,7.577121800245352,70.09930463220009,37.2029489984859,17.89302912615303,58.196310579525424,26.253688322036197,30490.932008144264,90.52982371618974,23.842936076527522,14.271030930097186,River_Interpolated
0.009526057464327688,4.009588030350493,0.006527552527510118,2.3053498040895644,81.74217041096803,22.974718206809417,46.22627424438797,2.532936413187354,42.88425332017775,31.30482732012964,28.273337277425377,43.31282765701957,27.873344174478675,28271.951230094568,90.11988163960153,23.897972259783554,11.348623503867836,River_Interpolated
0.013321420968159489,18.246512953839297,0.008725855742092437,14.63864695272734,46.65993238038794,48.76648926296772,94.6781761048555,8.774171677089113,101.82067699133833,35.45545363724042,17.920723239896404,29.83051008275308,49.77599334833556,30690.366438529025,90.56536878660665,23.643563647579665,13.729603928722227,River_Interpolated
0.07294962564963937,2.015216521986482,0.02726464171360245,5.996684665385801,55.56614665750202,26.097827930975452,69.7557768720427,1.79029874257222,43.41056753472997,31.620117598818254,58.97968948438894,27.003817208760818,18.003493535847113,24002.4482210595,90.24804685157964,23.754344380557562,18.768318821383613,River_Interpolated
0.04277231669112444,18.339391417586615,0.013231076001632619,6.176078433866191,44.30782100655522,31.841173261400122,63.48475012106553,2.668307674889278,90.92227754673166,33.49034456631163,16.66916188763053,47.83576069966341,34.72194891474422,40020.854247074414,90.3425644674914,23.969705970653767,10.246025564470159,River_Interpolated
0.0017080922291568487,4.503526858527215,0.003854216963471648,1.496239485880288,87.92459916342892,19.729215611587158,42.04768629994962,2.7505601691080126,46.06833658331787,31.479633994390998,18.46999129590646,50.29068818694053,30.612646429043444,30428.6835069073,90.23055829713215,23.884900947669745,9.189599370242313,River_Interpolated
0.03942874934814277,16.889519448090308,0.013195311337989346,5.549128592335639,47.94728046476245,30.7358257863525,62.02199434697976,2.714175684873893,89.1932598888971,33.2428934839746,16.843656031360762,47.445084914386236,34.96766045964797,39283.90847683021,90.3526021454301,24.007957896449398,10.1106513787602,River_Interpolated
0.035426914939476306,15.075161160540777,0.01504685761295397,11.922755943350495,66.21008656212517,44.53954308794255,114.09378354825206,7.065517225924143,114.38193115996424,34.881453066773076,13.339477491541437,37.53480438658062,47.877297412579246,38548.24017579443,90.45726271095371,23.61246514129061,13.49209625408553,River_Interpolated
0.03837700833215664,16.45220360040929,0.0194918361178159,2.7295659950477282,20.316340760634475,42.738279467609445,78.37884757201252,2.8373966590559974,110.7594771028721,32.591820678481476,19.999792475290846,45.144992907116595,36.30195118608307,45238.36480124802,90.31228212396353,23.795225567932413,16.649494193586875,River_Interpolated
0.008594124649396434,8.016413440114414,0.005411482809979289,3.014868781568278,79.69805825921841,23.319047885037996,45.64517536700072,2.606282740246822,52.191799488561514,32.18912068931763,21.458043383534473,46.40729464423044,31.387609582721137,30448.372697534393,90.21595982807479,23.990871657503824,9.55866262115962,River_Interpolated
0.025435578369068904,10.517572682490629,0.013999024053080553,2.159339727248645,48.005992990462595,33.60653762127593,63.45483341714416,2.9162708298539832,87.66056948519324,31.376399712626807,21.805383225291884,43.081802159831575,34.09936615054166,38799.63495120827,90.29038963369577,23.841945952212,13.025493544122533,River_Interpolated
0.05862236933453387,9.249241854133048,0.015108113637813407,9.141685295623624,77.63410391722435,46.434258217500926,129.72704780399724,6.707391526332516,137.37616726833755,34.725218494962576,13.553499934661703,36.73114898990906,49.2290728020166,43958.36275795362,90.4352475620311,23.642759615046398,11.371883027957214,River_Interpolated
0.03586409512678266,5.414007906131383,0.03232472952709291,3.8482972183406448,68.12683943418874,28.09516558728074,58.18624123396241,2.085483453634451,41.3590264699497,31.214672925929094,44.849870110598815,34.29170504905396,19.706003580097452,28709.464028816248,90.07673331437039,23.760058574390982,16.204705318178988,River_Interpolated
0.008420434960573316,7.48014570944306,0.004858136733938355,2.7544902275135748,80.0523282347803,22.660504877117546,45.476711651150204,2.6499704937331203,51.36118270403386,31.998567005439874,19.845522440671957,48.596802665659844,30.808724269038265,31261.283012133183,90.27017806153175,23.901417409320832,9.562619227288561,River_Interpolated
0.04875166367555651,20.713649378810658,0.0136642336607051,7.1466728928623215,37.76450679463909,33.77781486676123,66.29331094636474,2.6096923916073176,95.01649282695723,33.86528962701906,16.36012862003308,48.27308054115858,34.53581595732211,41410.416697661974,90.34712259122604,23.947506515708003,10.488429765504309,River_Interpolated
0.00017862707756461868,1.5428763832540489,0.003105944005392443,0.33256007749161975,44.608570678085144,18.573585025672745,69.46297507839154,7.58469145154289,70.1432076396871,37.20319347085097,17.87626525764287,58.225634257760596,26.245647443787085,30493.5087710542,90.52991301720355,23.842990916105645,14.280498004253909,River_Interpolated
0.02831833336553746,13.527092620145718,0.010591894816542397,4.471021255166185,60.26636029386078,27.327885320834397,55.87299647409981,2.7103224462063196,76.71509710707186,32.86916765580571,17.384199336555014,47.93019802066672,34.07213482955369,36369.4517464467,90.29312258011261,23.932336917680036,9.662059162083924,River_Interpolated
0.025096457196574124,17.7377116145002,0.015929603313017137,13.011194474346313,61.57435950482591,43.08387414091811,107.25330905402075,7.073101817995221,103.04487138592572,34.93462885175836,13.219129483399877,38.49580423024269,46.79105805865412,36422.08245893089,90.46372102352389,23.582966927779584,14.51404759232237,River_Interpolated
0.016419988069838805,22.012993110337376,0.046631149820666976,8.40245940653493,69.32328214958329,18.594638710673504,102.07795108574666,1.5626710499768457,48.34436771521777,34.155324695259786,21.70776412474094,53.27849526697584,26.156605588934664,42959.669935068436,90.3670707165237,23.635163653247247,17.445921435737414,River_Interpolated
0.00821248049269865,4.030461892057988,0.006153285059174043,2.1857702787902857,82.71574411796283,22.582111699328202,45.585130390375916,2.559357012706407,43.13795282182044,31.32155734751047,27.156034682254347,44.02550871146494,28.24980802661722,28442.345080275078,90.14114527843178,23.892186397190798,11.071810991571514,River_Interpolated
0.010459078614288093,4.025644674604896,0.00686091388446735,2.3914741377318958,81.22042465384597,23.164019952084022,46.623124302361894,2.5153747357264087,42.87647576501411,31.31797557848358,28.995694287025046,42.78391478877458,27.72816325440261,28115.107395280942,90.09037245098278,23.923557554814025,11.491580323482754,River_Interpolated
0.04086884796234784,17.34337892797606,0.013509298881787778,5.7006327590271955,46.355106845138586,31.181325533817002,62.80452085109609,2.7128455259053,90.74386120783035,33.29729200168534,16.778477770016863,47.39222216863412,35.069661561033115,39652.655221126275,90.3641524654921,24.008332222287077,10.167880736308868,River_Interpolated
0.05893686128531803,6.854411698788963,0.04380953395060221,5.562731615515549,60.084376813998034,28.075484780918607,69.12702829452046,1.6906262775390701,43.37386521583212,31.656893533696813,57.750692396577364,24.610055619144457,17.61786003200005,27736.663093729814,90.20195677105004,23.725392433716316,18.011668757265564,River_Interpolated
0.00011468452603831958,1.3444330076837092,0.0017944604703960631,0.18375479572924563,48.250189657151,17.755802649800852,70.85296490947253,8.201687165856233,73.72491414051704,37.222121896973064,16.558751131524378,60.58272283417258,25.576617038748424,30710.747688704363,90.54465118424362,23.81947370724316,15.050038501344217,River_Interpolated
0.055098300984188275,6.819667361288859,0.02050670102520618,7.011776248917248,76.15528440855695,46.8508010052203,130.88992288774625,6.595498723845386,140.44453362176498,35.384901157686194,21.66665410733296,34.279341708895934,44.01852747149137,44281.327614636175,90.42198364644783,23.692299266916496,11.003859588491144,River_Interpolated
0.0676907099266783,8.037311828574307,0.06213585966410949,5.562787099601359,60.08833971817128,27.979934424848274,71.03514767776447,1.6325790038675398,46.36260666229347,31.99094303282808,59.22271009253665,24.850644772426907,15.554047741685158,29049.656500373596,90.2575586441651,23.72773356766937,18.99787437988286,River_Interpolated
0.038714597972375045,11.8647072350869,0.033945746852781414,2.070420922711354,33.35024021787181,44.76144420696516,100.33340090282398,3.8075380955341704,128.02752267222291,34.44095178958465,34.001282691587136,36.98069943453554,29.686529302234284,45307.918344461694,90.38518301148474,23.764297042523374,12.956092357439239,River_Interpolated
0.026153274085027153,19.6798212163796,0.032401000345653144,10.33414648677742,68.59574075166032,28.84754822140318,107.15051547630856,3.731145569962422,74.46816383867075,34.17406016770465,17.732378192618786,46.570272101829424,35.61019478483491,40997.89142902897,90.42165504645129,23.58538713883859,15.777920228645458,River_Interpolated
0.06130725812416314,7.491701925431431,0.0494707260937742,5.591205217403408,60.20421386096975,27.831209138851317,70.17435852868545,1.6560237409079086,44.20995159175805,31.74935705034605,58.29259955344633,24.35498251602474,17.088570289589345,28415.727069767083,90.21145834899993,23.71655554707744,18.17495021719636,River_Interpolated
0.06569427976190419,13.058983235753761,0.06304299908417133,6.093610289342928,62.76482664121283,23.928028187850163,88.91466278466905,1.5574877136110183,54.46667630342547,32.22607237679559,61.98453650134721,17.706992876264337,17.71963521648043,36199.636043392726,90.2692342853524,23.653688010887493,15.462876067178094,River_Interpolated
0.0001125850808155047,1.3364201094628592,0.0017565374521413587,0.17982939366018658,48.3027930628392,17.73556068421443,70.86826554749082,8.209665013903065,73.7681353561244,37.222402086968486,16.527723114065218,60.62863047778028,25.56606277889194,30710.71827621312,90.54435119499786,23.819736162068928,15.061162329497032,River_Interpolated
0.02446229776915248,20.144372884080052,0.03466723377013576,10.094129864097589,68.94174373196827,27.351627586082202,106.43951810209832,3.417954272735189,70.62786803778987,34.19165435388981,17.405513668640708,48.253763186959425,34.48903010270867,41403.723332440284,90.41804435485814,23.58978316238707,16.115456590575576,River_Interpolated
0.0005950605080894732,3.103098476437199,0.011313151626997905,1.0365206963772424,33.10581044877909,22.44960980830879,65.75556085454227,5.773682105747297,60.03103190288851,37.10994265367916,24.740927883859463,48.719595703444554,27.919227143524324,30370.662215272125,90.53293984429871,23.801118218357534,11.838774806610452,River_Interpolated
0.02526508544874513,19.92454134798075,0.03363569175872788,10.198799375044903,68.79829866184933,28.031989093896776,106.78191722377667,3.559560389292041,72.39967349668368,34.183273983363755,17.55976960994862,47.48307085429305,34.99957130942032,41226.57120741078,90.41964158966216,23.587849080406567,15.958561295183296,River_Interpolated
0.030926963730214224,18.159749297966925,0.030973860473581936,10.022188797106883,70.81996180326469,31.25168006231402,111.19041310109989,4.070700230498246,84.00347449317768,34.284621493422364,16.209570537364264,46.38569840372763,37.37948505123312,41853.09387958504,90.4287587220274,23.612816951889734,15.25029019848292,River_Interpolated
0.0007324930435614438,3.798825003696816,0.01150496510815115,1.4555624358294024,36.63158096553742,23.79890021339906,68.45972548665348,6.62442068150983,65.96792164013183,37.22096534226277,23.99968673246084,48.69299441992865,29.17544746528433,31159.867272968182,90.5815266263121,23.789189949845476,12.610364415632793,River_Interpolated
0.06222628113793686,4.322931193001679,0.031638485879023286,5.498237585610692,55.80718156798047,28.76632613612647,68.04178228289318,1.8420616813183992,45.75548170135531,31.662830119837565,55.639166030014024,27.909165888087166,18.663530601622902,26065.181622264543,90.26551034415249,23.75885407199881,18.557777440843328,River_Interpolated
0.0017155730536841597,4.3559531548765635,0.003641031066212167,1.4402868143510867,87.73982902424206,19.7014912172674,42.10519055642552,2.7590475171814344,45.68936351730145,31.40547921911013,18.172132966237562,50.84505589424494,30.319340661224473,30679.897864334514,90.23040516882597,23.88393732749155,9.260280541899204,River_Interpolated
0.017644140026924455,3.7050235161098524,0.008577716127238741,2.9860156313768624,75.42507281730352,25.437067665714252,50.28591597424562,2.3772529522763515,40.79901536018674,31.107897106181987,34.93849641642673,39.47599753441858,25.16156152940432,27492.92058559368,90.1044558338105,23.80864574049287,13.170398691857882,River_Interpolated
0.025014397701483237,19.992470558328847,0.03397024474972512,10.163673352566862,68.85168812214883,27.81601785792492,106.68109147003774,3.514147981693151,71.84614783560788,34.18640268184767,17.503891495308647,47.736091533797364,34.837359349164615,41287.07314963239,90.4191578560233,23.58857426360514,16.00865269256353,River_Interpolated
0.009386929964613188,8.290883179473107,0.00542830306139167,3.1308688151977155,78.72092163783552,23.61911221375886,46.06252082753013,2.59972190610365,52.649938799731565,32.21534948321487,21.42619582151091,46.51956992682474,31.28061933629663,30679.118501538174,90.22239954800774,23.996183093037086,9.62619364192989,River_Interpolated
0.002104357781385679,25.969181247849118,0.05483261278487604,8.996093029055181,69.3782334184976,14.988237790102653,96.7713107920133,0.9762086137416592,33.61320172541071,34.51872212040592,12.047588116299876,64.92925521705374,25.017810296930115,43479.200047512015,90.38964683957798,23.626432738146036,19.863117627163223,River_Interpolated
0.06284260530049038,11.27154030359139,0.06374265146530754,5.805353877345945,61.74744286872851,26.01654414136066,75.5821240289265,1.4544408950327237,45.466184467619385,31.884871430178073,59.968242569942596,21.280902978326008,16.61718620539735,32186.185981445164,90.21963778313066,23.660958121880377,17.48900055795291,River_Interpolated
0.037071684232748606,16.425564342788157,0.01869525909609375,2.702757509924882,20.225039722861464,42.96311760126546,78.22291755459604,2.8047692861512883,108.43241703685163,32.63070769501571,19.77484964733699,46.196745039485684,35.66395164527554,45320.14256946839,90.31314589596383,23.78905511405864,16.97243427584076,River_Interpolated
0.07100244120648949,2.4263781496298633,0.028155937307465056,5.9092101394586685,55.6972183645615,26.566697674424763,69.41215087221968,1.7981275745201935,43.73888577197233,31.625829572728634,58.43597337755693,27.118901633609727,18.094020208664958,24349.13002977258,90.25423199409984,23.754981903009142,18.729073083329062,River_Interpolated
0.015898743744364518,5.252211420990792,0.009756843890285999,4.241274411334745,65.57857226699927,34.33192412799309,53.59880420174408,2.060739591723908,35.575358789300864,30.814524253509354,48.14989745131477,27.624442659179458,21.850536135581855,24701.06652550107,90.23962796396032,23.786769488340717,16.011474919172986,River_Interpolated
0.0067959389152715795,7.5172277334164725,0.005634014570125722,2.7621888715505487,82.52801584337338,22.329439468987484,44.488248550902185,2.6243432496988146,51.794362274885266,32.22517838449027,21.319241808878992,46.00785108479824,32.08899437741846,29770.182833872386,90.23208850114392,23.967420594662755,9.21095675464908,River_Interpolated
0.019182013915096986,3.683074955881698,0.009081353397664308,3.100512779368575,74.62875803207778,25.654771254384592,50.91496829022206,2.353585143614425,40.7454977469703,31.114517104208616,35.92087903929691,38.85736600260125,24.884247876794504,27325.48387984223,90.09406357764702,23.79362195113947,13.393908435541203,River_Interpolated
0.0244422597684277,20.150223614898575,0.03469006951799318,10.09205489121503,68.94272312834785,27.334436485594182,106.4285355489495,3.414530472019199,70.58068466118964,34.19163304759734,17.40505527995352,48.26917869815793,34.47623485690148,41406.75384356194,90.41799037957995,23.589786827263758,16.119081947861652,River_Interpolated
0.008413532723012936,7.951213959257118,0.0054015706955269785,2.988398115653091,79.90500459392477,23.25904973301489,45.555493948395835,2.607658017224397,52.07189986735668,32.18090199963476,21.472119735259607,46.383340926323804,31.400945038191658,30398.92895487612,90.21359110336681,23.98987550160731,9.548177687492595,River_Interpolated
0.04578144765161487,19.5155841134531,0.013480492172323147,6.651685187463392,41.01187458507525,32.812368630177446,64.91460375120523,2.6408068470320445,93.06806144586902,33.67326206296244,16.513826639463055,48.033688705804714,34.64980892703339,40726.31966419438,90.34536626318649,23.957912863753613,10.368055412348038,River_Interpolated
0.0588442738107297,25.254954311366753,0.013402987662747804,9.161267136197642,26.78275667272051,37.1384825685418,70.54505975989943,2.4522623810812503,99.27355438036953,34.658232234817895,15.764571849542074,49.79910703311321,33.514671938979674,43621.08073490125,90.3355445393084,23.909179718392508,10.908362531308903,River_Interpolated
0.043938724297678616,4.840095701150929,0.03561210256657209,2.8239787870663795,59.73761072592511,47.88013365899312,123.40345739497899,5.104974406216148,137.31573633680216,35.62845091577792,44.33198843500453,29.491348645084166,25.96595231290524,43060.207260382114,90.40024007316936,23.727553023320354,10.358997183627782,River_Interpolated
0.06542469528602807,13.827115240641222,0.06228662983903116,6.26287862323928,62.7282419116854,22.78791580893678,89.32408215103955,1.4466469055354274,52.425734102042725,32.113347456794315,62.3686489953761,16.720269766413907,18.076972421765692,36698.565626702846,90.28773991302988,23.66939705084124,15.155051333233274,River_Interpolated
0.01766809708181889,3.7045369195358093,0.008584665982029883,2.9880408450920526,75.40868805082134,25.443144910125344,50.29711785090709,2.3768094119203753,40.79515705743397,31.107649419135768,34.95722305077596,39.4643661425421,25.155186127388635,27490.14268999998,90.10456521450607,23.80842731090789,13.175061166190977,River_Interpolated
0.0005830169252933717,3.0552908587533567,0.011085128303590768,1.0178637150460739,33.3184637670714,22.349304419874805,65.80836958610811,5.804041665991061,60.19010383202517,37.11202100507508,24.564425863718267,48.938112971182655,27.891151728821555,30361.375608526436,90.53285497823201,23.801649345516655,11.88404177934264,River_Interpolated
0.005707709396798383,7.2438374702965,0.005824416837108062,2.6138047588908897,84.35633170809831,21.677947974119302,43.74876417146872,2.6354231433792568,51.68428340737641,32.267246331904495,21.212466129739294,45.714504983155535,32.6075779583715,29320.84335289459,90.24910690824271,23.94681465376088,8.963178325548114,River_Interpolated
0.036814143240213336,15.30524183332313,0.013444177194079136,4.794157416741151,41.92843372520608,29.6558295321024,68.28273928851253,4.133525239024458,97.61968093989526,34.553884440645255,17.568207347676005,47.633654470325624,34.97578670632434,38090.84011943043,90.4525624502187,24.150869888636155,11.432692400207404,River_Interpolated
0.004245267061938092,25.339630386793175,0.05362927628784778,8.90845967642101,69.49057152651507,15.708962701770943,97.75937550922812,1.0923325065830118,36.364500959963856,34.48542137677405,13.197522682172696,63.37323633007132,25.30772787918911,43442.27578341105,90.3818768160445,23.633064270036414,19.509194018647424,River_Interpolated
0.037069130142451855,15.67625383664401,0.01340942110870685,4.983437185470034,50.46541103928168,29.915465340743545,61.140814730082056,2.7657151656088264,88.6589559606123,33.00503726141639,16.909494833581174,47.07686972833818,35.281691101607606,38862.38070626695,90.38571855348064,24.101526166174633,10.025775721201805,River_Interpolated
0.009601370977600122,8.34580619939138,0.005387043907706172,3.1627386300077407,78.33312349526499,23.768164260268147,46.21805003829349,2.596854077633796,52.65429829783502,32.20547174804766,21.477205505370314,46.554541926471394,31.167087635460266,30762.876133189486,90.21746234645278,24.00127797975275,9.682918533871696,River_Interpolated
0.03485407376146468,14.987960497798024,0.012899807298552834,4.7581103186110525,52.91346248515794,29.231351519384447,59.92651338001201,2.7665643560522195,86.20603744848884,32.92384345866563,17.00219953954476,47.18656383892683,35.103595295640766,38296.46757076778,90.35156843668996,24.105932099165305,9.939020563639902,River_Interpolated
0.04049170255954995,5.594131240597545,0.03517266650651307,4.1839552153836745,66.32812719289566,28.549845847580777,59.948421115869095,2.013670612031266,41.814095733429845,31.321109991536936,47.62383630093658,32.327653933597794,19.127641788507354,28236.408223347258,90.13140015930595,23.738294153171157,16.74882051577607,River_Interpolated
0.013237694138668116,18.328745996463738,0.008620343464432433,14.71060041208086,46.67508873220688,48.8017313934621,94.68436832885696,8.783211309738201,101.80741715941481,35.441601590805575,17.842053457294607,29.847183551033407,49.80270201939517,30625.394394583232,90.56482610549719,23.6431208198545,13.755026266517467,River_Interpolated
0.05026714956528983,19.068194476616878,0.025492212290223585,3.2130237226125753,15.253214756968703,43.418418910181494,85.92773310664201,3.2223801714662677,136.48925566234178,33.15135543316871,16.873357640544068,43.15227597457548,40.75466477317335,48574.95159797216,90.36597774679416,23.80734982117091,14.395845108695115,River_Interpolated
0.06046185949892153,9.653762695960864,0.06239976310589617,4.9348826659447464,55.805161470603075,31.475006583518873,70.09067001094088,1.7902059422603542,53.373633176270765,32.17609828116579,53.370630841287635,28.840928219205388,17.052137324773977,31424.542700666214,90.2849111374357,23.73985215514733,19.324345829109312,River_Interpolated
0.008208465354682393,4.0305966145431995,0.006152286210449735,2.1854117179748203,82.71905543582041,22.580744697120146,45.583055471707446,2.5594393549072096,43.139086354498055,31.321661975538365,27.152508651398584,44.027599096937166,28.25121406005334,28442.777906343257,90.1411955192796,23.892185060082586,11.070857529062096,River_Interpolated
0.028438294207670925,13.56710915768258,0.010610838902430853,4.48549234465569,60.133230933687784,27.365168508847727,55.93553268259158,2.7099243478905137,76.82622858262675,32.8741922868386,17.376187999543962,47.9341733580197,34.07468106378762,36400.98608720088,90.2933176054271,23.93237150598393,9.667265523570537,River_Interpolated
0.053614724097594144,22.614117385427367,0.01411615316132123,7.910493216060194,32.449677909238716,35.35051343077642,68.61413714438346,2.5659898929713547,98.59552059866355,34.16341869043938,16.144450510343418,48.51301036254262,34.46663879241772,42529.27461926405,90.360311943191,23.93779010522047,10.679514288774701,River_Interpolated
0.0344585472410749,14.867730373692702,0.012806704801853908,4.719489743791007,53.35161023259738,29.10984535047541,59.70781297281324,2.7664647122360106,85.76125710171948,32.910303542710075,17.02048504225353,47.20537067388575,35.071046004974875,38193.47076576061,90.34551101982179,24.10510279431668,9.9232188809901,River_Interpolated
0.015538514639617317,22.42373184560634,0.04458355796877703,9.279262543887537,70.22740711754871,21.56705591965171,103.18250029421289,2.2116333409677233,54.87748933509693,34.36463378287691,14.592116887105293,56.48406073826497,30.075467510000053,42956.996411741806,90.41157534914349,23.622987994412313,17.76648281317051,River_Interpolated
0.00814202269216872,7.865800960741005,0.005414894143396579,2.948995296289104,80.28752864701295,23.13109606157541,45.396094348117344,2.610238716523211,51.96326337664532,32.17894868922437,21.463315693047683,46.33823082549762,31.47192035086027,30309.679922751457,90.21381769954702,23.9869762170361,9.510001014141999,River_Interpolated
0.0034464425246078538,3.161553678091517,0.0035912237393917095,1.348255766966139,85.78784143415558,20.528978198680342,43.372994964704326,2.7212167874824322,42.079137516300996,30.96370569774726,20.69029704720568,50.42780846640754,28.081184393332684,30657.441606702876,90.20594866094027,23.86969064385541,10.327746643233878,River_Interpolated
0.04878930953596222,20.72890061711364,0.013666502471379124,7.152987427916516,37.723371558682395,33.79006702757802,66.31073725476517,2.6092916778344954,95.04100211567399,33.867746855973884,16.358217939090494,48.27610805959088,34.53434504308346,41419.04233847108,90.3471552645841,23.94739305270156,10.489948714674519,River_Interpolated
0.010236380305153052,4.010198052015417,0.0067583172446957825,2.3694621624798966,81.29410627609445,23.143269670523036,46.54581612502732,2.519395823902361,42.82253632202685,31.306376864266113,28.83746713321721,42.9272687524564,27.722905016349515,28167.389107313407,90.10214223016779,23.90864562233572,11.473846430252618,River_Interpolated
0.010291027968221352,4.050513997454048,0.0068525872070587315,2.3808599875069554,81.41766127512673,23.084536015921724,46.51650004644988,2.51854828752118,42.998514640506585,31.33448914669118,28.84941310332053,42.8262167295803,27.841195625998864,28105.93480311611,90.0885000774536,23.936343196086877,11.431996476810001,River_Interpolated
0.0002252578134189929,1.7511272892555765,0.0038969207212727216,0.39194105429087744,44.81538071499727,18.865497744649918,69.72923758285914,7.656758997230578,70.67905730294389,37.201084100085296,18.36051860923792,57.86173377546649,26.191620160137454,30639.954121228697,90.5433473800362,23.813222570817512,14.323009550193516,River_Interpolated
0.03654981963507331,5.461189312866136,0.032899903295293006,3.895803133072519,67.87809989974257,28.167329424971193,58.45131811981831,2.074419936128711,41.443535994407675,31.232333967612902,45.25882378905728,34.00083245097262,19.607858957240055,28658.988908406587,90.08337241694625,23.754099738703882,16.288022128160257,River_Interpolated
0.06965387346450161,11.681454009347707,0.08977766678953904,5.327556465968483,62.38634278417037,28.983053629177665,72.5351241129823,1.5265199300346213,49.49204433074252,32.361595035802935,60.081808165421066,23.980363589922153,13.17025188944797,32257.25076636051,90.2666478858789,23.721686744148982,19.68204900754486,River_Interpolated
0.009461482843890178,4.098893219695745,0.006669966265866886,2.316600235540055,82.09838364401827,22.825331582830803,46.090085891420486,2.5338334986417546,43.26641166026547,31.36422445824446,28.186395112840337,43.16624119708499,28.15881301142567,28159.206831356132,90.10410929724338,23.935907095489124,11.233262490597026,River_Interpolated
0.002366643311095664,25.89166667985428,0.05468467007113941,8.986481489129353,69.40044511573971,15.086030377682649,96.90197762573739,0.9921126129754855,33.978047612390235,34.515697673258714,12.162495179487886,64.75427776349898,25.064618829262564,43477.74151080735,90.39105975854407,23.625457958484493,19.8208942652246,River_Interpolated
0.028286277323619116,17.187877773500333,0.02313894974590731,11.223500107751915,66.5850707111169,38.49582586035848,110.24172747057477,5.856388791516506,97.74128532666366,34.868033485404275,13.093259012310408,43.057827912218315,43.34766124663792,39595.90620423567,90.44246609721672,23.596227929724716,14.788698686053342,River_Interpolated
0.04031852202515594,6.10602221286712,0.03960927541454948,4.029422563522694,67.33154370932007,28.293259464266246,59.85283634542748,2.0200898968705565,42.423380802650975,31.364836037466088,46.78027713346164,33.083682910852716,18.833336743243674,29048.135944898946,90.02321993563012,23.670734599915573,16.703645608974572,River_Interpolated
0.009821156074035716,8.410089073881348,0.005362823526610371,3.195575319146498,77.98189524751305,23.896301492962504,46.361534171193064,2.5942615136027203,52.70484671579005,32.20201295666408,21.509531464803374,46.585277623094285,31.083460578239713,30839.376555408035,90.2147683902706,24.00529569283103,9.726564028979958,River_Interpolated
0.008280720433400536,4.020952262275492,0.0061577381656294,2.1901950666778545,82.63770436104492,22.6135236562277,45.62773070569416,2.5580655322117987,43.090859383154296,31.315242116190987,27.215226634698826,44.00711573808873,28.205687765654847,28445.261052882415,90.14103598821848,23.891042118489047,11.095328824020378,River_Interpolated
0.02280330728967404,20.603900805681914,0.036587326050132665,9.920593050845241,69.11284761271318,26.042321822523554,105.66419131600253,3.1516519683008157,67.07818660620137,34.2042132316258,17.161281777293652,49.669228006764556,33.50653593779037,41687.93137507472,90.4147739036504,23.592334515171107,16.4222104307231,River_Interpolated
0.058653757624727326,9.24107736206584,0.015098546324015204,9.139847692974106,77.64498040056124,46.4433213798991,129.74710403637323,6.708464685051849,137.41858762812794,34.725050927890805,13.553989298118012,36.72381915245468,49.23572615228411,43962.39065364356,90.43522920590188,23.642802171143003,11.368264622923682,River_Interpolated
0.04032500862487701,6.107316043381302,0.03962216414542297,4.0296369092340445,67.33073773051882,28.29353779548915,59.8552907968608,2.019991851895381,42.42521059870592,31.365081061891406,46.78291239023007,33.08207083930963,18.831892002940457,29048.966582868983,90.02309710931863,23.67047597570139,16.704389898763104,River_Interpolated
0.00984406017952686,8.16846702262026,0.00469556177325931,3.237692434778073,75.9408678686021,25.07903357455958,47.0723610391609,2.5708798938164765,50.88296773941346,31.95289998169633,22.683743701345733,46.37269406557316,29.79318915356038,31077.584659337554,90.08127951318754,24.002439638122464,10.34714415332568,River_Interpolated
0.04579559036708708,19.521029625959336,0.013481844319010785,6.653859832975778,40.99638064456866,32.81692076335392,64.92140487470941,2.6406870227303356,93.07861689719762,33.67409846543644,16.513127438831432,48.03445346063434,34.64960498429159,40729.64439522433,90.34539020983455,23.957873507417087,10.368623909646553,River_Interpolated
0.0017087527621770823,4.50106371735508,0.003850545436235018,1.4952542912100886,87.9214011810852,19.7283748463554,42.048723909388706,2.7507245370121507,46.0623785407811,31.478378079815947,18.463890546286905,50.30120363375162,30.607672920840415,30433.420802314133,90.23061026071886,23.88489366006464,9.190688577038136,River_Interpolated
0.009855347904633997,8.172727167029905,0.004696274440838568,3.2394895348695303,75.92721711745284,25.0834845741285,47.078230704402976,2.5707631540001894,50.89028516570196,31.95343695318313,22.68413438653061,46.37289513234143,29.792281604387703,31080.269698063003,90.08114081450829,24.002783462830973,10.34798520349104,River_Interpolated
0.02261597306400618,20.65731634534139,0.03678688233231319,9.904293948678694,69.11864470274978,25.896562448520097,105.56545064656743,3.1227811733590105,66.66953734923565,34.20462171761421,17.148695588895965,49.80940031061792,33.397554373548026,41712.348931631335,90.4143365693512,23.59241735453212,16.455234139352886,River_Interpolated
0.009830974865973167,8.162811759506893,0.004692409505089827,3.2358946512202746,75.94866773149224,25.0788427213218,47.068358523787296,2.570899850209362,50.867652395883006,31.95139529927568,22.688842851659548,46.37036064803992,29.789499535240296,31074.899235405017,90.08089753529093,24.00175909868327,10.348600701246792,River_Interpolated
0.045537954929916816,3.0755788705194704,0.04222106231118197,2.309231509210535,69.84107232741286,47.78715621420691,133.94506764778498,5.089989685842011,145.06174389335996,35.94856011537249,52.90860879407636,26.30081695289105,19.85952298144091,42721.81068569314,90.35455541625404,23.731794025058946,10.81861490384566,River_Interpolated
0.03710914718106377,16.436378057803086,0.018722173373841716,2.701689706434563,20.19643406073428,42.965413332940585,78.24126268114266,2.806493563874473,108.56057655578036,32.63061703215218,19.755231262463706,46.178845671963835,35.69631524461003,45334.281461192186,90.31313549848419,23.789368219510898,16.96190586478054,River_Interpolated
0.058357396699118456,7.2392400781387,0.04506191504497953,5.5559322872110215,60.350252310643796,28.063832661752606,69.36427101877327,1.676600791439423,43.410392017486615,31.66235499889629,57.77294188410023,24.349835733833306,17.596824967242725,28074.346973326745,90.19665710078462,23.721384076761527,17.93570982610281,River_Interpolated
0.006709783793498132,7.491066941043782,0.005639081376918163,2.750256760009385,82.64775309323687,22.290983644830845,44.43830496196745,2.6250488250725326,51.76038336526163,32.22482404387593,21.32097962083226,45.98825296766495,32.11207156371853,29740.008759537108,90.23196189147117,23.96682024739261,9.199204448698048,River_Interpolated
0.043241175943415255,14.780332425674809,0.03692125537427574,2.5224993723242335,31.170009534523157,44.455660108710575,93.25585185224065,3.3090215513317993,120.19827617019352,33.68167679327172,27.542373677418365,42.20341024733972,30.84361038281314,46510.956955459726,90.32238613402026,23.760602184868052,16.13063330266651,River_Interpolated
0.05359830069358312,22.607631180741766,0.014114694128410798,7.90787131416641,32.46760449665416,35.34518650647602,68.60634965455623,2.5661440732658094,98.58363706520466,34.1623882309796,16.145144862666058,48.51219740530104,34.466904747619374,42525.53947354539,90.36026156943613,23.937828401968147,10.678875122073922,River_Interpolated
0.06222100267906009,4.324060551536224,0.03164005158645811,5.497984300542878,55.80697077847578,28.76768225561248,68.04104381395668,1.8420935360851243,45.75695102729962,31.662855146761135,55.63729686219726,27.909792038190734,18.66397888994603,26066.26540682873,90.2655159287889,23.758856621142012,18.557671753140145,River_Interpolated
0.06953293353833373,11.515634422290494,0.08844778761195914,5.3391568964299765,62.282379751396164,28.93161468043608,72.47150116104977,1.5311978785308407,49.337141926271144,32.34328854814247,60.04028426023834,24.012407336971684,13.288704073627876,32111.424378201016,90.26552979227296,23.72162209002724,19.644461724742737,River_Interpolated
