hydrologic,num_upstre,hydrolog_1,num_upst_1,CrR,NiR,CuR,CdR,PbR,MR,SandR,SiltR,ClayR,FeR,Long,Lat,AsR,Source,hydro_dist_brick,hydro_dist_ind,LULC_2017,LULC_2018,LULC_2019,LULC_2020,LULC_2021,LULC_2022,LULC_change_17_22
0.032298158619654,17.765866849392523,0.02967293254901,10.109029499165409,70.86897754206083,32.24006743497005,111.95888007456323,4.261243158600936,86.89404906198051,34.28463155887327,16.253926532930116,45.48848307950527,38.11864328314824,41735.221423255825,90.43060852430817,23.61274469982163,15.02158219883568,River_Interpolated,0.002845295650625455,0.03361563266423586,0,0,0,0,0,0,0
0.054977392126351,9.226560192675011,0.04668718364992,5.664367194597808,61.47689925990756,27.107515853932636,71.7744541255554,1.575712596797092,42.91076914472573,31.605381065630578,58.10379237244712,22.30076244979028,18.16088480608446,29951.578627139625,90.11406230846896,23.663772897619914,17.078129756384175,River_Interpolated,0.016142183773045556,0.16348191221897118,0,0,0,0,0,0,0
0.048773241876094,11.943555092905562,0.020051393653884,9.38859063981725,75.17973730147924,42.28495686275936,123.68856122144715,6.048100483269621,121.73600338363738,34.74647156720521,13.34840564017515,40.31327187892797,46.11724052151228,43306.98650210281,90.43220335875687,23.637573201575652,12.670884803018579,River_Interpolated,0.005759403458333931,0.027688532360301846,0,0,0,0,0,0,0
0.06923241038602,19.31132247380019,0.036319569734252,3.258253649553879,13.076752442159423,39.721705586271405,86.34765637455968,3.518396545873058,165.22051251589832,32.395203895580906,18.752019288508077,30.70854723282168,49.660044638018995,47780.74347790394,90.34576902211585,23.834252994638916,11.102591208922362,River_Interpolated,0.01904303045242169,0.03563377152330335,0,0,0,0,0,0,0
0.040321173843151,6.10627254378747,0.039612133558486,4.029582659582521,67.33073292465116,28.29348591535662,59.85384991801763,2.020048450584634,42.42380102135789,31.364910573270045,46.7817213412104,33.08268736646092,18.832915792681327,29048.062189135126,90.02328345724526,23.67071966636189,16.703959087764915,River_Interpolated,0.06836706349598899,0.24128117726057272,0,0,0,0,0,0,0
0.001487806250674,6.658592527853363,0.031733654051308,1.844062726633377,19.299844979872418,28.2043767684922,61.58226903366952,3.6839234272587,48.271999835909995,36.769826175087594,40.5991922883172,34.06463994945708,26.004787839384704,31180.904959305924,90.51398723859859,23.77681852243475,8.838504298340544,River_Interpolated,0.037388029771538385,0.009424000783476697,0,0,0,0,0,0,0
0.039792129044272,5.557169477158205,0.034612787829472,4.141531006767195,66.55034885117398,28.50947381808921,59.69116500191751,2.023502941378145,41.72070828531527,31.304131167293136,47.26379635302828,32.56687811087978,19.22107142582157,28273.350223843227,90.12709234600067,23.74106803843212,16.673174641660857,River_Interpolated,0.021539913485147496,0.11935743188835561,0,0,0,0,0,0,0
0.057775326100057,15.84625746065926,0.022144255398237,7.759195963330392,61.22948244955895,13.582510443025262,98.86575769713998,0.992984495365602,41.88694180027893,31.27557811975925,62.72190047039135,10.983462361655057,24.37940074165701,38888.70184715255,90.33008134844431,23.65493746951183,11.035667768014504,River_Interpolated,0.025727504150938517,0.01876206353377638,0,0,0,0,0,0,0
0.01705815145411,3.708563204364372,0.008369862318177,2.94450635881881,75.67229450170119,25.389231262809844,50.06588566550719,2.385438001458332,40.771809818921575,31.099287693337885,34.6041008566438,39.69568088170287,25.234315298046916,27559.169083742876,90.11284092605601,23.813285073043964,13.10227736380788,River_Interpolated,0.0044074494707407935,0.10429390784972153,0,0,0,0,0,0,0
0.065267309141575,13.157237849190768,0.060335347466689,6.179979974394591,62.68391818137654,23.374808400896885,89.69203773983953,1.536306191402001,54.0356898676751,32.17368014469826,62.1169864781279,17.204341090499586,18.134576380515902,36365.252286738425,90.27156734782558,23.6523007269332,15.15392516441553,River_Interpolated,0.0017774918090479124,0.020298388258659008,0,0,0,0,0,0,0
0.000606217619328,3.215741611457256,0.010257706691357,1.17471286302127,35.54963422619229,22.713369815221817,67.23534838127874,6.287360540102471,63.438169863253684,37.178343243794565,23.51346664531911,49.57813697403126,28.557473805170638,30687.092688056713,90.58895330871239,23.91962318972518,12.37146225223882,River_Interpolated,0.0020954637091527774,0.010987879746980572,0,0,0,0,0,0,0
0.008862622686168,8.104728906501865,0.005406597070706,3.054094433674282,79.33977498635694,23.43533704378362,45.79594312028535,2.603848225421461,52.319845962304285,32.19409642851743,21.45934539351541,46.447940902245726,31.332131734759123,30531.88830632046,90.21672397325857,23.993396304083365,9.590097913844659,River_Interpolated,0.007828639566084022,0.043688107657752946,0,0,0,0,0,0,0
0.000657662414569,3.329715996909583,0.012665305472781,1.132879023410448,31.058786942930098,23.02554280762864,65.02488735667181,5.4380698429259,58.10298349940497,37.089281436103285,25.9111942161967,47.157090563862106,28.131146321587654,30315.959796277795,90.53074079421465,23.799430311171633,11.403097107141695,River_Interpolated,0.04039189253795082,0.007315316903723353,0,0,0,0,0,0,0
0.006729230109318,7.437901073974615,0.00551283030794,2.748072394770094,82.32536538745633,22.44870008075538,44.550826433047895,2.623334885219447,51.45972983767435,32.17903857112519,21.42307784495645,46.06104564497378,31.88650014135509,29820.81051654726,90.21627753012028,23.97277094953435,9.29544905849455,River_Interpolated,0.010853929952038365,0.04142678951348712,0,0,0,0,0,0,0
0.00720461321668,7.579281925876169,0.005475755964221,2.814873070479938,81.63428803771623,22.67944900472868,44.8370015129618,2.61902554382038,51.620896175089925,32.17754832642867,21.433729412905233,46.162356944155164,31.74084995279391,29989.373613671734,90.21541520271951,23.977335716596485,9.369537331584707,River_Interpolated,0.006221174053739485,0.04588929666285999,0,0,0,0,0,0,0
0.039661077626628,15.337769216516804,0.020055185107594,2.971464633269111,24.420234616662395,41.44163246697297,76.68909079970086,2.80390450254825,107.28433744053251,32.38432548594831,23.387964159469725,41.784988637427574,35.79610053981355,43096.21587757278,90.30615535952512,23.799189034596115,16.18571259473839,River_Interpolated,0.0020724695405092398,0.03160035811178824,0,0,0,0,0,0,0
0.009829572029616,8.162772052041731,0.004693911836668,3.235475624462511,75.95585546276271,25.07488867826031,47.06571171305399,2.570993362479193,50.871417247296165,31.951931961067086,22.68499303831944,46.371775867755765,29.792856040098425,31074.27440241647,90.08128629682257,24.001910156574773,10.346832403767582,River_Interpolated,0.001678675141832116,0.08455412967234062,0,0,0,0,0,0,0
0.000556473432927,2.999976368062392,0.009616121105474,1.071494297283836,35.705137244346645,22.271158966766947,67.04955295139081,6.266969215761451,63.14941326104198,37.17016228487637,23.12549057962623,50.18239620663714,28.320335582630634,30565.587672370988,90.56220620626468,23.91473991373703,12.401885765716965,River_Interpolated,0.013297382539177277,0.004770826156729628,0,0,0,0,0,0,0
0.045557430175791,3.345509836634646,0.042229404870674,2.342914900330661,69.1933355807811,47.545975376895875,132.9720157178209,5.031646967237895,143.80751542083226,35.88504153649267,52.58272887174549,26.51827186561566,19.98253576858978,42744.00072728248,90.35365486546185,23.732604473462768,10.946899010059072,River_Interpolated,0.022279713854898665,0.016679961322004458,0,0,0,0,0,0,0
0.039649545719904,15.323126423334333,0.020046117690906,2.973972052061619,24.47160359804814,41.4297758573341,76.66358903168887,2.802862596913765,107.19474027503182,32.38236553572945,23.42662833408755,41.76198826869357,35.77759554996014,43070.299450644816,90.30608905838798,23.799161989884755,16.185813217814086,River_Interpolated,0.0021288140049174477,0.03164203205011375,0,0,0,0,0,0,0
0.000580999384696,3.047771028111901,0.011043724208995,1.014668659622664,33.37533555656182,22.331043129682865,65.82733448048272,5.813109282623302,60.24127238673016,37.112561664080886,24.529632073299915,48.984441548939856,27.884400177619654,30362.13009876609,90.53289678974468,23.801715419497015,11.89613753427933,River_Interpolated,0.03999043762187675,0.00430018538151722,0,0,0,0,0,0,0
0.036098456516155,15.388364249427454,0.013164857814699,4.893971883370769,51.540853170166955,29.618323161488913,60.596975184674676,2.764644879408803,87.52552033780762,32.973808969581796,16.95136255417745,47.13813688835671,35.18963754769683,38609.019609062,90.36870159211306,24.1001144404421,9.987490225518147,River_Interpolated,0.01461090389213908,0.011669078144789884,0,0,0,0,0,0,0
0.016785663089758,3.721298252087469,0.008322866987944,2.914792972074786,75.98786101788274,25.23544423231606,49.893072353779345,2.392711260401134,40.91828640211193,31.114514034016665,34.287546388511316,39.88180584016109,25.37705803402817,27591.909007310565,90.10334916624168,23.816622456479212,13.010582268621667,River_Interpolated,0.0057066493272539725,0.09778442076649246,0,0,0,0,0,0,0
0.019151620987637,3.683884906706733,0.009073423149747,3.097752414281949,74.6531611397895,25.64468246773808,50.89948574827896,2.354210932756517,40.753248629219,31.115175051314047,35.89419589581877,38.873667760565326,24.89428934336322,27329.055599490417,90.09341709216922,23.79383373328925,13.386912338691335,River_Interpolated,0.0026577371243061685,0.11737455988180362,0,0,0,0,0,0,0
0.062749309092287,8.6241415068522,0.057082428302834,5.590801205292127,60.7180967829471,27.696011856176078,71.33825495338888,1.607606857885532,45.12290420190938,31.85341113176566,58.80213650019443,23.838388395150407,16.484839149177432,29504.85773082618,90.21764339627049,23.706580710760168,18.276921186897596,River_Interpolated,0.02003491648913028,0.05863786360764688,0,0,0,0,0,0,0
0.00821143123219,4.030381949961215,0.006152824729527,2.185649776386155,82.71626469528508,22.581883260699925,45.58470433470071,2.559380303315103,43.13780682940007,31.321512499868106,27.15509926590223,44.02632978421033,28.249853994371115,28442.622261629014,90.14117004911101,23.89216755942142,11.071677786033502,River_Interpolated,0.003776447783782041,0.026664654612241843,0,0,0,0,0,0,0
0.024315899506277,20.186047746163005,0.034839279966884,10.078081978857842,68.9548147721351,27.228622824262516,106.36580470984966,3.393104677793655,70.29492097607101,34.192148834383545,17.39268616988406,48.37521780462457,34.397155325958124,41428.73390306964,90.4176965406939,23.589925489554616,16.14253627035432,River_Interpolated,0.023926765325481634,0.057609466015957185,0,0,0,0,0,0,0
0.040324485504412,6.106701155453953,0.039616706763073,4.029752404979085,67.32992086130605,28.293721739448753,59.85511144155996,2.01999726197807,42.42446232309608,31.365014327644744,46.783372035497024,33.081584329469685,18.832319455245127,29048.142219605514,90.02331545332937,23.670663297951172,16.70434671976831,River_Interpolated,0.06837241782254318,0.2412712289128815,0,0,0,0,0,0,0
0.057481791747027,9.56807707788142,0.015841224907253,9.13984789817486,77.42720244840397,45.845605492235194,129.04700910843567,6.604849037126782,135.37520092062775,34.72631383591622,13.526102719756546,37.250644920651126,48.78687866881346,43936.34304728348,90.43386240640017,23.643177557448645,11.535152073283326,River_Interpolated,0.01094020562823431,0.022251437042891703,0,0,0,0,0,0,0
0.061562577649896,4.316756554540101,0.031040697006439,5.482431024298594,55.84479864777318,28.860215581181258,67.8584969632026,1.846672746156497,45.661823555093434,31.649933822101914,55.4989221150113,27.929826898286553,18.748265103134184,26036.884347815274,90.26520979845175,23.760363728580693,18.520697490145817,River_Interpolated,0.010351515091604048,0.016815561701493342,0,0,0,0,0,0,0
0.039792701973939,17.038675788144435,0.013216587604632,5.611144193739992,47.55041263329181,30.85473971591373,62.189409646336706,2.710150910799065,89.42743616108363,33.26730017214602,16.826796865021198,47.47271991785688,34.95363211369402,39365.74936742222,90.3522104740764,24.003759698692324,10.125050137608513,River_Interpolated,0.08800133618636433,0.017493956502255145,0,0,0,0,0,0,0
0.061295941339137,7.495003867303306,0.049473921171231,5.591095143995114,60.20705984646424,27.83138859898763,70.17535124415512,1.655920254401884,44.20869047814365,31.74923275927658,58.291872595723284,24.352303885713447,17.089431431593663,28418.419984049848,90.21138674261438,23.716521464531127,18.17367784543794,River_Interpolated,0.009150551924771143,0.05460490053616922,0,0,0,0,0,0,0
0.026155102320713,19.67911987594076,0.03239968270198,10.334206952049831,68.5965516038636,28.849551287486168,107.1525290596141,3.731490865464193,74.47435575661788,34.17416341710234,17.730944432188448,46.57021168441026,35.611634865120394,40998.04607266911,90.42166655387342,23.58540551703465,15.777678360989361,River_Interpolated,0.026859713508440186,0.058068854329785924,0,0,0,0,0,0,0
0.029168369051873,18.663568293912004,0.032501661399915,9.94008342840428,70.68830062584237,30.073807033442215,110.1847033524786,3.847993205586793,80.44502817118808,34.28417696402459,16.163052382127084,47.44151403762837,36.49711790278514,41954.219132822334,90.42666797381452,23.61238350037364,15.532831389406239,River_Interpolated,0.0016448889615062092,0.03727387450732234,0,0,0,0,0,0,0
0.004264624575915,25.3340379504689,0.053618344372502,8.907650503106204,69.49118033892208,15.714906953602235,97.76770270953308,1.093290442175584,36.387658930979335,34.48505445003901,13.208980885558478,63.358506067844594,25.309909445888927,43441.80173019394,90.38182521172472,23.633058444331937,19.50596087622084,River_Interpolated,0.005050655501547905,0.03744841982026052,0,0,0,0,0,0,0
0.000248974289593,1.836047173975043,0.004220834720815,0.459618283561089,43.92092788524984,19.17549515185104,69.46020278025732,7.518472879204287,69.93179563544885,37.20320353054388,18.656970691516975,57.18033903274444,26.489315218148683,30611.21746528898,90.55374166004363,23.866079992293216,14.135964624683663,River_Interpolated,0.003795792583260182,0.02109517577139949,0,0,0,0,0,0,0
0.017632533437469,3.705336813312599,0.008574723720141,2.984949997318061,75.43456398716418,25.43309654338538,50.27994269991336,2.377495348188569,40.80210204745877,31.108162605776222,34.92815174723981,39.48231898871752,25.165481879056788,27494.29584142049,90.1042876120621,23.808754831776525,13.167676266853594,River_Interpolated,0.007930200871179453,0.10554944270122926,0,0,0,0,0,0,0
0.008555513758916,8.005385835721913,0.005415948669708,3.009271786457415,79.75915828579176,23.297240630177996,45.620197306402574,2.6067032571354,52.18296144300116,32.18979286247174,21.453775420359023,46.40031555962028,31.40239242118225,30434.396741196444,90.21635891069417,23.990305986365758,9.551137659468926,River_Interpolated,0.004760082648587393,0.04623320917683545,0,0,0,0,0,0,0
0.069660470138961,11.688314116356697,0.089835262800024,5.327066712015479,62.3905457234268,28.985253610117468,72.53782386553361,1.526326753836284,49.498940286566686,32.36240699619797,60.08371421759491,23.979255360269722,13.164995088183398,32263.312399533846,90.26664631177809,23.721661924964746,19.683826370710737,River_Interpolated,0.03434612317840767,0.028391106085029736,0,0,0,0,0,0,0
0.000322678107931,2.115345301038266,0.00573810896453,0.570130775607452,42.05671132479074,19.812995844264346,68.8574782984978,7.225213331017624,68.28724321163797,37.18341290448709,19.907075656868958,55.591796758881344,26.67853535477702,30605.97579202185,90.54289195557911,23.808691334248223,13.738823621417662,River_Interpolated,0.03465332544576384,0.0036953789684418853,0,0,0,0,0,0,0
0.010421003285415,4.040844549468116,0.00687728195389,2.390571141616096,81.30308583598752,23.128669076693512,46.58600872583135,2.516149386294529,42.947358710237026,31.328398375416416,28.95465608933081,42.77682989195935,27.784823519563727,28100.38879534414,90.08674936230243,23.934023892300498,11.465723830688919,River_Interpolated,0.005690933359441401,0.016786679623255855,0,0,0,0,0,0,0
0.007937326353986,4.052487426905143,0.006106927282366,2.164197509125143,82.98069195293027,22.474319961789906,45.43012886205534,2.564796921027835,43.26457055021867,31.336727454888603,26.916219570618,44.13804792766741,28.38174854548475,28453.748358891793,90.14339336037119,23.894001574766023,10.9936686055056,River_Interpolated,0.002949393296883411,0.02433289731903059,0,0,0,0,0,0,0
0.025211489293486,17.71104348077752,0.016186243414082,12.942272800061637,61.75021290377895,42.9204996143189,107.3576973848771,7.030580525675792,102.86244877806618,34.93424061235648,13.215668091711105,38.655809055310364,46.67332238272155,36539.828924783316,90.4628845270679,23.582876359801496,14.522549248143532,River_Interpolated,0.014679930710391692,0.021049615027529296,0,0,0,0,0,0,0
0.001716375293777,4.370538462811466,0.003661775690321,1.44566899799092,87.75776550318572,19.70314132055236,42.099730054348704,2.758274088647156,45.72787827235489,31.412756068141142,18.19831886719322,50.79390088584329,30.348106270713647,30656.63606687029,90.23057095440481,23.88405835503762,9.253033441329993,River_Interpolated,0.019845586016577488,0.018880242357646404,0,0,0,0,0,0,0
0.001118738119098,5.643632305961272,0.00579323264632,1.902805908326808,90.45224627604813,19.61605854222982,41.176514097025375,2.683907074738562,49.31875273291307,32.14298386382195,20.93414013903101,45.40611850406448,33.415623466370626,28052.33157103756,90.2316988298273,23.894888374204086,8.445338911310571,River_Interpolated,0.019287398741176087,0.009105016332832616,0,0,0,0,0,0,0
0.03444247384808,15.326273590817873,0.014734894041407,12.112287453823017,65.5845382165644,44.66780757182031,113.4007838760307,7.129099207105176,113.75904498073452,34.88567977001665,13.334874585914804,37.3732748511664,47.96548433491587,38204.606315868914,90.45859697849004,23.611309409799283,13.56023877071093,River_Interpolated,0.0037586131571628063,0.017739391208264847,0,0,0,0,0,0,0
0.07069655234704,19.03232957775137,0.037846236225948,3.02554986467986,12.790103251721233,39.50462795719997,87.05140932425759,3.585459936620389,169.40648620771353,32.28036937486646,18.937386027943194,29.35179716789985,50.745558312105764,47890.952413753694,90.34503411615795,23.825385725765365,10.863492555357377,River_Interpolated,0.020354732697680254,0.027353433490320687,0,0,0,0,0,0,0
0.026142513597247,19.682966859646747,0.032415523980999,10.332564937688323,68.59742598625712,28.836968274644462,107.1450333971755,3.728974136109031,74.44071031333814,34.174065766189926,17.73182049225105,46.58015989911118,35.60233338527853,41000.33935758,90.42162258031864,23.585398849767135,15.780043435196465,River_Interpolated,0.026876675568067093,0.058102923008801856,0,0,0,0,0,0,0
0.002638774694753,6.399078834925947,0.006131719456188,2.220566088171555,88.74008910338202,20.313918416236117,41.93271193153104,2.655960670037421,50.70794470008562,32.299016468314484,21.43074551085381,44.706452436205076,33.606983241830605,28103.309532051964,90.24636174578946,23.927464094110036,8.499026168853792,River_Interpolated,0.01694650839627485,0.01087187394203427,0,0,0,0,0,0,0
0.073385560332879,14.402499144507226,0.11582382401466,5.051921288181498,64.26247559440453,30.35609188192765,74.53295461544333,1.505248856109483,54.312383231470726,32.811419228444024,60.932847627192764,23.786898662229902,10.689974181953803,34943.50184521311,90.27827118937056,23.711967608354744,20.521135913649243,River_Interpolated,0.024671332647303996,0.02233179734299442,0,0,0,0,0,0,0
0.003838635179299,5.609426108509533,0.003215418228017,3.681842016317373,67.36450988893247,35.33592614423272,50.20351708862835,2.179347327761986,35.219915849210686,30.63015051920645,43.54236342953941,29.92688257029287,23.282506955117455,25472.78306096238,90.24795671528346,23.816369686865876,15.171436842179377,River_Interpolated,0.003494868113045436,0.007491723236841086,0,0,0,0,0,0,0
0.026889248843219,19.474426784128788,0.031281394306508,10.466674183886274,68.3857781293382,29.593844375075378,107.45085205377798,3.889649998743207,76.3103131722403,34.16708565816266,17.86880423849821,45.75682362793863,36.16728180163795,40775.59858531282,90.42364173284248,23.583112341918024,15.621130747583853,River_Interpolated,0.028723406967010038,0.05766113561669842,0,0,0,0,0,0,0
0.000222912862337,1.678148325770145,0.004033213682386,0.435172511289919,41.99414750118743,19.144263812166834,68.45476898472066,7.13980261036699,67.5531280660151,37.18897901527731,18.815752443691117,56.551771990255304,26.712883723658674,30332.898343724137,90.5256006760955,23.83867782919983,13.727845131480999,River_Interpolated,0.025535428589980334,0.02980889401911994,0,0,0,0,0,0,0
0.051882601659257,16.30655508627165,0.030170088862129,7.557962781509897,62.75833727678933,15.82647948941149,99.3976150663108,1.191536046863662,45.990938233670654,31.890850404205153,56.90158696659348,17.83000333326956,23.69599076221482,39393.81612409215,90.33355701718044,23.639557798012273,12.306585217220233,River_Interpolated,0.014351885616261365,0.015281690567744722,0,0,0,0,0,0,0
0.009835310857159,8.163996864006766,0.004691213481975,3.236766845572131,75.9383435742344,25.083700781128588,47.07238726258416,2.570781768587603,50.866141700403816,31.951044024784437,22.69251528143027,46.36909761937699,29.78615229763566,31076.19689027125,90.08049950702521,24.001710922018816,10.350462871348883,River_Interpolated,0.0009269315352093025,0.08438716198354572,0,0,0,0,0,0,0
0.028213171321962,17.21023547713952,0.023226784972507,11.215788096956606,66.59155982623847,38.430605559432784,110.20311719871596,5.843133981311969,97.5646498945918,34.867700801660526,13.090547841029814,43.117802285061494,43.29838114843107,39607.951492744716,90.44229309564051,23.596073778284357,14.80245941198288,River_Interpolated,0.010316020701546032,0.03739480546532303,0,0,0,0,0,0,0
0.00620984045589,5.692375253905583,0.005187805931303,4.054142620738045,66.61834170353406,36.123378049012,50.98492743551519,2.092250536954094,33.93058294774584,30.667762983334487,47.11660507599448,26.94355704986191,22.57243903386644,24370.49140729495,90.24079772800575,23.792634741135437,15.636595052151197,River_Interpolated,0.01742317108639857,0.004891923594237066,0,0,0,0,0,0,0
0.04094423256775,17.37043869939546,0.01352033708042,5.710821405561047,46.27233145710306,31.205263226528615,62.84260885516744,2.712424854621143,90.81029799520878,33.30117015420814,16.77515164211471,47.39310735029521,35.07134949629324,39670.79589417262,90.36443211851642,24.007924843102547,10.170849023858697,River_Interpolated,0.08614169787145963,0.02992144495963218,0,0,0,0,0,0,0
0.031869964929352,17.887652676860355,0.030263017404411,10.044179377723781,70.95251548290094,31.829818173942286,111.76055054756749,4.175989211209427,85.84281076871859,34.28687539900786,16.20238892982553,45.90676982539794,37.81277688405643,41840.13353732017,90.42966409033272,23.61360805107501,15.107607538871848,River_Interpolated,0.0019408443972167373,0.03404681228070078,0,0,0,0,0,0,0
0.014153236611701,8.420477728736895,0.008461419757549,2.628474069164658,56.7738486806534,34.1731231347179,57.2336980500095,2.620002577253987,64.43916441860321,31.05653060508048,29.495002164956272,39.179585751288315,29.409784037240414,33608.6060475521,90.27641176604806,23.821679642497426,13.896851890805522,River_Interpolated,0.0028917702320470215,0.02150561262205252,0,0,0,0,0,0,0
0.040347617915302,6.110033256665347,0.03965157735845,4.030850190292748,67.32483238153405,28.29523248353223,59.86391111538858,2.019641348662339,42.42947941709011,31.36577018225974,46.79445748346188,33.074287483692984,18.827947987641217,29049.202774733632,90.02340269764984,23.670159975014677,16.707043274568157,River_Interpolated,0.06858592786824365,0.2413685658973467,0,0,0,0,0,0,0
0.003262126117509,25.627780474756488,0.054182003911473,8.949386001352217,69.44625320275657,15.387037915123472,97.31500467978096,1.040535148937453,35.12785310907216,34.501735618276534,12.648552623159048,64.10054813906967,25.18351634501439,43461.812657887,90.38377945444232,23.632045343379954,19.672534526908883,River_Interpolated,0.005629710650899997,0.039638892608269576,0,0,0,0,0,0,0
0.014204423834448,8.845345827398145,0.008017238551508,2.815028424021464,75.85995761073602,22.926079040720158,48.43143806001331,2.74995376275573,62.83474094220259,32.26969484448381,18.1054268281987,47.990851151714736,33.44842210156678,32784.222341467546,90.27092911766377,23.90988543296801,9.087776722107261,River_Interpolated,0.04477296942591965,0.025131347329179987,0,0,0,0,0,0,0
0.010428723218973,4.040367435754149,0.006878932411618,2.391163973762192,81.29665654344218,23.131121213543963,46.590009060841766,2.5160072517581,42.94475271347386,31.328103781427295,28.960836448591095,42.773720579898416,27.781786197475576,28099.92987656958,90.08661777510274,23.93396438458263,11.467604407767155,River_Interpolated,0.005822479991489505,0.01670933775352609,0,0,0,0,0,0,0
0.008868189263019,8.10598762806792,0.005405179954775,3.0549046944494,79.32891508221671,23.439597817912002,45.80025186712794,2.603770293722415,52.31911655727703,32.19371341486881,21.460918737668116,46.44906958398061,31.32858108677594,30534.276142236056,90.21655468570033,23.993530570299576,9.591822809283794,River_Interpolated,0.00796672729505694,0.04370597506314181,0,0,0,0,0,0,0
0.024144286410095,11.973925233977535,0.010367288561177,3.841343623614411,64.91293651727241,26.012018497824833,53.87160856245773,2.743766914040422,73.95569606998411,32.65352537894897,17.784703227222362,47.33088199000296,34.32866103142531,35252.68805420275,90.27197500950642,24.005110884782805,9.460413134142641,River_Interpolated,0.046965887851449145,0.016904293585910685,0,0,0,0,0,0,0
0.027991114441641,13.237427223816981,0.028300230524849,1.843601232568752,11.03530713135159,36.01215358100529,71.62562260106625,2.479206697585842,93.39128594859895,34.338724310637645,26.77665426272803,39.33996415416878,34.32563532818046,40878.95810569626,90.40608054398363,23.79363015666628,11.629698821478778,River_Interpolated,0.07694771771234943,0.06145749352020267,0,0,0,0,0,0,0
0.000248603919055,1.83472314397556,0.004213855420232,0.458865464754541,43.934220065164844,19.171520670695763,69.46471392128626,7.520615063359392,69.94386607311264,37.203272412643834,18.65078004623158,57.19032731926571,26.486750901941882,30611.640963179736,90.55377421978324,23.866033233280042,14.138774114087797,River_Interpolated,0.003758532743939802,0.021092788311079115,0,0,0,0,0,0,0
0.01413076304613,8.41313299117153,0.008449887718017,2.628073851324324,56.80501029124659,34.164924622022035,57.2156837679137,2.619739605667284,64.39197411212012,31.05541493702856,29.499903975841566,39.18151374438908,29.4014614566621,33600.02658691047,90.27637626676118,23.82170515305303,13.895587889780423,River_Interpolated,0.002862638812947968,0.02147654437293503,0,0,0,0,0,0,0
0.034137556903182,14.77570391984359,0.012724255300045,4.691734870107034,53.70868071589793,29.012418908518594,59.525934986498314,2.765825779300728,85.38048940819277,32.90116534795748,17.037065103442323,47.223179871918,35.04061718435153,38106.966417106654,90.34038862601972,24.10241173384922,9.910072085520845,River_Interpolated,0.0026031607982551727,0.02076047938799322,0,0,0,0,0,0,0
0.061857540868128,7.785313614258219,0.05164200579703,5.592945857561694,60.320971188365604,27.785852981256873,70.50858578713195,1.642920056112232,44.488787677247004,31.78088650191469,58.45098216682469,24.23155767217495,16.90476974648953,28704.200527402485,90.2139067053542,23.713810671952675,18.217456931284694,River_Interpolated,0.012182626089695591,0.05496560257258252,0,0,0,0,0,0,0
0.017712431445929,3.703545849158007,0.00859707004533,2.991895680015282,75.37644492358406,25.455667369940386,50.31852397873694,2.375954131206187,40.78651997660134,31.107013204249284,34.99346845478842,39.44196864265596,25.142366428218732,27484.956190946257,90.10491320392161,23.80802214558737,13.1842623343682,River_Interpolated,0.007397441249908227,0.10643920756835344,0,0,0,0,0,0,0
0.035084538757617,15.50963099132917,0.023345444485489,10.388829748974816,70.03429560262516,38.92476779968421,114.8556579721478,5.718115836541848,104.24238072551044,34.81434479514433,13.148529147613473,42.952522956658875,43.63279031637541,41230.25487071057,90.43842857628816,23.615986731662094,14.185962396989376,River_Interpolated,0.0017501274822357665,0.025220183389660526,0,0,0,0,0,0,0
0.005694931647411,7.240019321928802,0.005825134726925,2.612110321433619,84.37349543750997,21.67273170752088,43.74157120581043,2.635509779348877,51.67893743655135,32.26717548445064,21.213493216766064,45.71093080475432,32.610810299500514,29316.195097870987,90.24905351409082,23.946784797979046,8.961601104543595,River_Interpolated,0.0080323733127825,0.017234530639844967,0,0,0,0,0,0,0
0.029673226613667,18.519869796499258,0.032022232193342,9.971917598718358,70.70213693802056,30.430987388383134,110.46072724313343,3.91707067068036,81.48927988520015,34.283427451069144,16.19019885686958,47.104568803790656,36.76468768416711,41909.45672138561,90.42733864705114,23.61226182365539,15.44836041821868,River_Interpolated,0.0010474684214813361,0.036729917268727603,0,0,0,0,0,0,0
0.05882432318686,25.24573756808381,0.013403686193037,9.157140651173604,26.80437211681273,37.13178053786999,70.53682155812443,2.452596015215555,99.26573221048359,34.6565785053587,15.765589021169276,49.79617126212929,33.516751153218685,43616.8881632505,90.33551228581521,23.90920275630804,10.90756109626494,River_Interpolated,0.006068541536989156,0.009622298076270084,0,0,0,0,0,0,0
0.013183270810021,18.377900186428015,0.008556269965466,14.753377875996765,46.68235921030038,48.822533302056506,94.68535802861614,8.788945623390743,101.79697572359535,35.433747400676005,17.793903021709006,29.85735606229811,49.82010379304395,30586.490375626796,90.56442380028733,23.64295020765157,13.770634221970806,River_Interpolated,0.01221630258239329,0.01468079222172572,0,0,0,0,0,0,0
0.007208997829891,7.580626716037322,0.005475494042607,2.815495275230258,81.6280830055559,22.68149923940072,44.83958346838445,2.618986111412259,51.62257123289541,32.1775636884862,21.4337907903401,46.163221107015474,31.73964246062766,29990.87353252685,90.21541490745727,23.977376760709003,9.370166244773392,River_Interpolated,0.006180266339051656,0.0459263177383217,0,0,0,0,0,0,0
0.034422319567077,15.331482152631299,0.014730864525505,12.115696523616489,65.57285038434303,44.668845916687346,113.38686418521327,7.13002051301083,113.74353216604075,34.885755890248724,13.334731710404569,37.37149234828715,47.966112096218296,38198.37623990411,90.45861865174349,23.61128301976687,13.561816703761375,River_Interpolated,0.0037698942154015314,0.017763949285617496,0,0,0,0,0,0,0
0.0542463454195,8.451937186968244,0.044896183113651,5.562522796839254,61.30215706200713,27.83737990713048,70.13335079726701,1.629097227067738,42.770191190835035,31.59416765858508,57.598989713351635,23.15365319147743,18.09932939117742,29111.206430776758,90.1393116049885,23.702114237740556,17.336933022802448,River_Interpolated,0.04298893231783926,0.1222198888291561,0,0,0,0,0,0,0
0.001168249096034,5.326644519134507,0.024181929028537,1.664133529485211,21.41173357081483,26.610002110345945,61.937444805161086,3.937800715682323,49.606001326664654,36.90169498970089,35.04737380355522,37.90185854865159,27.63092718051926,30599.15525372002,90.5187606970789,23.784538393922396,9.322042265988157,River_Interpolated,0.038745957676168,0.0032768963352413135,0,0,0,0,0,0,0
0.001143076176936,5.62735209786549,0.005757290228362,1.897560123745711,90.38590601813598,19.62555244154253,41.20078238612093,2.684950129811256,49.26456040550655,32.13100064970763,20.89144369813724,45.49567806610205,33.360774088586965,28099.598282028128,90.23190783087135,23.894679944718916,8.461113299200761,River_Interpolated,0.019469348166800324,0.009393467287953908,0,0,0,0,0,0,0
0.000260316262856,1.880104720807172,0.004413217678935,0.48190425171257,43.667160771804724,19.285966625540137,69.39449491692082,7.48150046694554,69.73801298218687,37.202387703383884,18.81036637296106,56.94490505892878,26.55129020048488,30614.87174271935,90.55587287172618,23.867227559297213,14.082454587017597,River_Interpolated,0.0022680334167907656,0.018681543003392784,0,0,0,0,0,0,0
0.013229130183932,18.311437479587077,0.008632364313295,14.694563445581467,46.66335403339908,48.79389944355526,94.66891248966756,8.783868882008793,101.79959660712223,35.4472729832195,17.848120535370906,29.845473478461827,49.809004338331874,30638.935787738334,90.56437465396174,23.643837063103543,13.752652598961307,River_Interpolated,0.011729831372802852,0.015431190892950093,0,0,0,0,0,0,0
0.072860548186057,2.03032039204665,0.027285994191573,5.99309117360777,55.57401741075782,26.117323511487157,69.73770651897412,1.790666852936664,43.41835771702451,31.61997386740922,58.957373315730074,27.007480400051307,18.00824455734754,24014.13061456238,90.24488051335143,23.75555715771286,18.765929327981137,River_Interpolated,0.026197678716463894,0.004090323515960616,0,0,0,0,0,0,0
0.05001052233677,19.05763652942815,0.025388922392256,3.189284420426792,15.190441582860341,43.4563484443752,85.87258874717158,3.218592571332298,136.25028463981835,33.14696387502897,16.803058897402074,43.286286592804586,40.71655863991869,48599.50269279459,90.36549795696365,23.807097502909674,14.447337070409375,River_Interpolated,0.039629812256830155,0.02261303210772684,0,0,0,0,0,0,0
0.010442316932175,4.040842704926216,0.006884344195067,2.392416448660611,81.29053112002082,23.133072977900156,46.595280507595135,2.515764048097297,42.94609085067164,31.328501915098144,28.970659040868306,42.765935777760326,27.780695645899293,28097.380701461,90.08595458770735,23.935021644886657,11.469224276321583,River_Interpolated,0.005601484914799095,0.017684436891765576,0,0,0,0,0,0,0
0.0086267927495,8.02749755045596,0.005411672090248,3.019641098883801,79.65652377760155,23.332083094627052,45.66280967322977,2.606003355337357,52.209400447848,32.19001581793092,21.457261065407167,46.41208793903409,31.382292845405473,30458.14820515325,90.2161658480947,23.991130710614314,9.561844412699134,River_Interpolated,0.0056007468294617495,0.045739432325585555,0,0,0,0,0,0,0
0.002387651671085,25.885344830667478,0.054672868814449,8.985745443179528,69.40278120135433,15.094613478282694,96.91323256150821,0.993509196737869,34.00951309028781,34.51554119428866,12.170191943587211,64.74119433636552,25.069000101020276,43477.81873007784,90.39150127208735,23.625820664741024,19.817563805477544,River_Interpolated,0.0022056712925375365,0.04921020413185135,0,0,0,0,0,0,0
0.032163142337685,17.80478184299971,0.029798266581339,10.101026152182499,70.86232671600715,32.14367716131376,111.88200503974927,4.242771019198766,86.60992121708864,34.28453304427239,16.251039663777835,45.57421809021171,38.04658344945123,41745.70195256573,90.43043067812879,23.61273054318166,15.043863204021939,River_Interpolated,0.0026800993896661913,0.03377825334891806,0,0,0,0,0,0,0
0.008580602651526,8.01281075558514,0.005413636471312,3.012912806611222,79.72097512803724,23.310598262766984,45.63590452150683,2.606441665851685,52.19021256154589,32.189573741006704,21.45588311486852,46.404696994377076,31.393857595813863,30443.176884707278,90.21618124682233,23.99064010435438,9.555551560470454,River_Interpolated,0.005111869085989442,0.04609734165825204,0,0,0,0,0,0,0
0.073820991300075,14.80926032233403,0.119889643404976,5.020288840614932,64.43020027043472,30.511351775344963,73.74295151503057,1.469556514949623,53.85537133298088,32.83048350145848,60.984330139087454,23.892132847287055,10.25806886401242,35094.53177891127,90.28086222139243,23.706594186952675,20.7863646908845,River_Interpolated,0.020331042339878282,0.024813021793378808,0,0,0,0,0,0,0
0.007211074345933,7.581122616568485,0.005475068447107,2.815779569384372,81.62442314076333,22.682837504153788,44.84105367676141,2.618963372075734,51.62261732775515,32.17746030448979,21.43408027030356,46.16378279366963,31.738537089251437,29991.758746240714,90.21537681939813,23.977406309926497,9.370692217383317,River_Interpolated,0.0061475384525410326,0.045969572202197134,0,0,0,0,0,0,0
0.000608481473358,3.222676395791185,0.010312789890948,1.178708644366135,35.419995950355315,22.738907290246278,67.18313096439309,6.264921567685556,63.30555541363313,37.177210074134685,23.567582654707454,49.49581160478666,28.57269922176609,30679.120663486963,90.58683235958168,23.92130810485287,12.343931078482958,River_Interpolated,0.004623175390711808,0.008616079073218881,0,0,0,0,0,0,0
0.018425118238778,3.691495973304649,0.008816478948371,3.049098268488652,74.94278796602346,25.600647931617385,50.63284042308173,2.36373267154282,40.713430114173136,31.104576172219208,35.50573876215133,39.120840470951975,24.981134000714164,27403.788074630294,90.10491675955986,23.80169605530293,13.306951131791372,River_Interpolated,0.0015769554429838752,0.11247239310433753,0,0,0,0,0,0,0
0.000146383176888,1.459272695134659,0.002404187291012,0.244399190747204,47.18767360665533,18.081188944575672,70.49523246139108,8.031138922707056,72.76467950999502,37.215639035822484,17.09037127430353,59.76625946587473,25.76515994217462,30682.10281541885,90.5433649606997,23.817755752652612,14.825160679159724,River_Interpolated,0.034581389337963155,0.0051337235193450095,0,0,0,0,0,0,0
0.000254879384966,1.858802537619953,0.004322167932667,0.471251746023637,43.7808505388099,19.233569041398347,69.42221322520186,7.497734247054215,69.82174048936794,37.202708279547714,18.738766380170272,57.054117100990645,26.52237832991171,30612.255747301297,90.5546937331564,23.866707381194825,14.106415939083414,River_Interpolated,0.0030079896928600393,0.01995516196335986,0,0,0,0,0,0,0
0.062016914957064,4.362104932106184,0.031669464774386,5.488784472974411,55.800665262370636,28.817290020093697,68.00925409555862,1.84335939032071,45.80377894797457,31.663222511075983,55.568217251017025,27.93212268400627,18.682603948642747,26102.059879644185,90.26569590218114,23.759001704744012,18.552681100378134,River_Interpolated,0.011646369104938211,0.017008475604888613,0,0,0,0,0,0,0
0.000179450479034,1.545477106084175,0.003122885230598,0.334413923755601,44.56378788584261,18.583820283692464,69.445965190504,7.577121800245352,70.09930463220009,37.2029489984859,17.89302912615303,58.196310579525424,26.253688322036197,30490.932008144264,90.52982371618974,23.842936076527522,14.271030930097186,River_Interpolated,0.019753564006245897,0.02996884969081271,0,0,0,0,0,0,0
0.009526057464328,4.009588030350493,0.00652755252751,2.305349804089564,81.74217041096803,22.974718206809417,46.22627424438797,2.532936413187354,42.88425332017775,31.30482732012964,28.273337277425377,43.31282765701957,27.873344174478675,28271.951230094568,90.11988163960153,23.897972259783554,11.348623503867836,River_Interpolated,0.00451079525066459,0.021698207252933727,0,0,0,0,0,0,0
