hydrologic,num_upstre,hydrolog_1,num_upst_1,CrR,NiR,CuR,CdR,PbR,MR,SandR,SiltR,ClayR,FeR,Long,Lat,AsR,Source,LULC_mean_2017,LULC_mode_2017,LULC_mean_2018,LULC_mode_2018,LULC_mean_2019,LULC_mode_2019,LULC_mean_2020,LULC_mode_2020,LULC_mean_2021,LULC_mode_2021,LULC_mean_2022,LULC_mode_2022,LULC_variation_2017_2018,LULC_variation_2018_2019,LULC_variation_2019_2020,LULC_variation_2020_2021,LULC_variation_2021_2022,LULC_variation_2017_2022,num_brickfields_4300m,num_industries_4300m,hydro_dist_brickfield,hydro_dist_industry
0.032298158619654,17.765866849392523,0.02967293254901,10.109029499165409,70.86897754206083,32.24006743497005,111.95888007456323,4.261243158600936,86.89404906198051,34.28463155887327,16.253926532930116,45.48848307950527,38.11864328314824,41735.221423255825,90.43060852430817,23.61274469982163,15.02158219883568,River_Interpolated,5.388296212253146,7,5.412013815007872,7,5.543606420564567,7,5.581556309261677,7,5.591060593259062,7,5.492567449896456,7,0.023717602754725675,0.13159260555669494,0.03794988869710991,0.009504283997385343,-0.09849314336260573,0.10427123764331014,46,1,295.4429831123721,3502.467883415597
0.054977392126351,9.226560192675011,0.04668718364992,5.664367194597808,61.47689925990756,27.107515853932636,71.7744541255554,1.575712596797092,42.91076914472573,31.605381065630578,58.10379237244712,22.30076244979028,18.16088480608446,29951.578627139625,90.11406230846896,23.663772897619914,17.078129756384175,River_Interpolated,4.717368928707834,5,5.338781825126071,5,5.782679622209131,5,5.774143292097421,7,5.789008503962834,7,5.91172580168353,7,0.6214128964182368,0.44389779708306065,-0.008536330111709844,0.014865211865412675,0.12271729772069584,1.1943568729756961,2,0,1722.5197186331593,17143.860291157358
0.048773241876094,11.943555092905562,0.020051393653884,9.38859063981725,75.17973730147924,42.28495686275936,123.68856122144715,6.048100483269621,121.73600338363738,34.74647156720521,13.34840564017515,40.31327187892797,46.11724052151228,43306.98650210281,90.43220335875687,23.637573201575652,12.670884803018579,River_Interpolated,5.594924922232262,7,5.649486491519696,7,5.794282777980866,7,5.870289965030383,7,5.894506597325203,7,5.814978307801605,7,0.05456156928743372,0.1447962864611707,0.07600718704951692,0.024216632294820073,-0.0795282895235987,0.22005338556934273,42,10,604.5464212412588,2953.7036645511967
0.06923241038602,19.31132247380019,0.036319569734252,3.258253649553879,13.076752442159423,39.721705586271405,86.34765637455968,3.518396545873058,165.22051251589832,32.395203895580906,18.752019288508077,30.70854723282168,49.660044638018995,47780.74347790394,90.34576902211585,23.834252994638916,11.102591208922362,River_Interpolated,4.896697036367774,7,5.414294680359471,7,5.673215923746991,7,5.376769937444393,7,5.613065638556876,7,5.485462890800119,7,0.5175976439916967,0.2589212433875199,-0.2964459863025981,0.23629570111248288,-0.1276027477567565,0.5887658544323449,1,2,1941.124556509803,3938.3352712851333
0.040321173843151,6.10627254378747,0.039612133558486,4.029582659582521,67.33073292465116,28.29348591535662,59.85384991801763,2.020048450584634,42.42380102135789,31.364910573270045,46.7817213412104,33.08268736646092,18.832915792681327,29048.062189135126,90.02328345724526,23.67071966636189,16.703959087764915,River_Interpolated,4.875235548187817,5,4.806368057399289,5,5.070318014336872,5,5.152207839302712,5,5.028796777765546,5,5.183089744669002,5,-0.06886749078852805,0.2639499569375827,0.08188982496584085,-0.12341106153716641,0.15429296690345584,0.30785419648118495,0,0,7173.69525341574,24896.710216983185
0.001487806250674,6.658592527853363,0.031733654051308,1.844062726633377,19.299844979872418,28.2043767684922,61.58226903366952,3.6839234272587,48.271999835909995,36.769826175087594,40.5991922883172,34.06463994945708,26.004787839384704,31180.904959305924,90.51398723859859,23.77681852243475,8.838504298340544,River_Interpolated,5.319560929180346,7,5.721433842800783,7,5.966842083482771,7,6.093642232460618,7,6.12058756586752,7,6.17696292106933,7,0.4018729136204371,0.24540824068198752,0.1268001489778472,0.026945333406902527,0.05637535520180936,0.8574019918889837,2,8,3916.0521537559484,993.2559768960497
0.039792129044272,5.557169477158205,0.034612787829472,4.141531006767195,66.55034885117398,28.50947381808921,59.69116500191751,2.023502941378145,41.72070828531527,31.304131167293136,47.26379635302828,32.56687811087978,19.22107142582157,28273.350223843227,90.12709234600067,23.74106803843212,16.673174641660857,River_Interpolated,4.960660808751009,5,5.117133023884571,5,5.3989164695252745,5,5.490818268972129,5,5.3109166902316725,5,5.3334977136196535,5,0.15647221513356158,0.2817834456407038,0.0919017994468545,-0.17990157874045654,0.02258102338798107,0.3728369048686444,4,0,2267.298203758865,12262.783000743251
0.057775326100057,15.84625746065926,0.022144255398237,7.759195963330392,61.22948244955895,13.582510443025262,98.86575769713998,0.992984495365602,41.88694180027893,31.27557811975925,62.72190047039135,10.983462361655057,24.37940074165701,38888.70184715255,90.33008134844431,23.65493746951183,11.035667768014504,River_Interpolated,5.277822321310028,5,5.317382150745659,5,5.511594825133588,5,5.546135316928669,7,5.609914183292899,7,5.579367091008471,7,0.03955982943563097,0.19421267438792889,0.034540491795080897,0.06377886636423025,-0.030547092284427535,0.30154476969844346,3,3,2750.778312831378,1946.8380455732683
0.01705815145411,3.708563204364372,0.008369862318177,2.94450635881881,75.67229450170119,25.389231262809844,50.06588566550719,2.385438001458332,40.771809818921575,31.099287693337885,34.6041008566438,39.69568088170287,25.234315298046916,27559.169083742876,90.11284092605601,23.813285073043964,13.10227736380788,River_Interpolated,4.8782561834500955,5,5.035381785070522,5,5.458405961384796,5,5.47819114340401,5,5.290283017114824,5,5.332388084663557,5,0.1571256016204261,0.42302417631427414,0.01978518201921453,-0.1879081262891864,0.04210506754873311,0.4541319012134615,7,0,457.1937769456865,11421.286090270427
0.065267309141575,13.157237849190768,0.060335347466689,6.179979974394591,62.68391818137654,23.374808400896885,89.69203773983953,1.536306191402001,54.0356898676751,32.17368014469826,62.1169864781279,17.204341090499586,18.134576380515902,36365.252286738425,90.27156734782558,23.6523007269332,15.15392516441553,River_Interpolated,4.826613608842037,5,4.766638317828969,5,4.917706124048914,5,4.862359393264876,5,4.944487026031933,5,4.925617549680463,5,-0.05997529101306842,0.1510678062199453,-0.055346730784037845,0.08212763276705637,-0.01886947635146985,0.09900394083842556,2,3,181.45895640011113,2204.83299693101
0.000606217619328,3.215741611457256,0.010257706691357,1.17471286302127,35.54963422619229,22.713369815221817,67.23534838127874,6.287360540102471,63.438169863253684,37.178343243794565,23.51346664531911,49.57813697403126,28.557473805170638,30687.092688056713,90.58895330871239,23.91962318972518,12.37146225223882,River_Interpolated,4.664845644092452,5,4.95303642534934,5,5.177348399136019,5,5.202515538445715,7,5.331962913440204,7,5.447771720763478,7,0.2881907812568878,0.224311973786679,0.02516713930969594,0.12944737499448955,0.11580880732327348,0.7829260766710258,5,7,230.1123338770092,1124.4470971521318
0.008862622686168,8.104728906501865,0.005406597070706,3.054094433674282,79.33977498635694,23.43533704378362,45.79594312028535,2.603848225421461,52.319845962304285,32.19409642851743,21.45934539351541,46.447940902245726,31.332131734759123,30531.88830632046,90.21672397325857,23.993396304083365,9.590097913844659,River_Interpolated,4.80115755136129,5,4.967590357929429,5,5.1930591819461505,5,5.128688909194182,5,5.253413047821958,5,5.189747722950993,5,0.16643280656813886,0.22546882401672175,-0.06437027275196883,0.12472413862777643,-0.0636653248709651,0.3885901715897031,9,0,867.5870388156671,4662.3566253174695
0.000657662414569,3.329715996909583,0.012665305472781,1.132879023410448,31.058786942930098,23.02554280762864,65.02488735667181,5.4380698429259,58.10298349940497,37.089281436103285,25.9111942161967,47.157090563862106,28.131146321587654,30315.959796277795,90.53074079421465,23.799430311171633,11.403097107141695,River_Interpolated,5.465661728190697,7,5.921632731887657,7,6.16867033603708,7,6.24311303316228,7,6.265146498924019,7,6.277101266346631,7,0.45597100369696,0.24703760414942266,0.07444269712520057,0.022033465761738924,0.011954767422611923,0.8114395381559341,1,7,4241.603113227379,766.8854830054034
0.006729230109318,7.437901073974615,0.00551283030794,2.748072394770094,82.32536538745633,22.44870008075538,44.550826433047895,2.623334885219447,51.45972983767435,32.17903857112519,21.42307784495645,46.06104564497378,31.88650014135509,29820.81051654726,90.21627753012028,23.97277094953435,9.29544905849455,River_Interpolated,4.683229335047277,5,4.8574473339019235,5,5.0848191690761695,5,4.97744144951953,5,5.127395127521221,5,5.007415022337886,5,0.17421799885464662,0.22737183517424597,-0.10737771955663966,0.14995367800169124,-0.1199801051833349,0.32418568729060926,15,0,1201.2792479810835,4513.251157778204
0.00720461321668,7.579281925876169,0.005475755964221,2.814873070479938,81.63428803771623,22.67944900472868,44.8370015129618,2.61902554382038,51.620896175089925,32.17754832642867,21.433729412905233,46.162356944155164,31.74084995279391,29989.373613671734,90.21541520271951,23.977335716596485,9.369537331584707,River_Interpolated,4.708204562044458,5,4.880459690803642,5,5.101954176184544,5,5.000967827454342,5,5.1446656909706965,5,5.061218264156973,5,0.17225512875918358,0.22149448538090244,-0.10098634873020274,0.14369786351635483,-0.08344742681372352,0.3530137021125146,12,0,689.0299740468017,4934.189093341592
0.039661077626628,15.337769216516804,0.020055185107594,2.971464633269111,24.420234616662395,41.44163246697297,76.68909079970086,2.80390450254825,107.28433744053251,32.38432548594831,23.387964159469725,41.784988637427574,35.79610053981355,43096.21587757278,90.30615535952512,23.799189034596115,16.18571259473839,River_Interpolated,4.441120734695426,7,4.960863260228195,7,5.290460581334998,7,4.898129292462509,7,5.2880637857989,7,5.178933719119703,7,0.5197425255327692,0.32959732110680307,-0.392331288872489,0.38993449333639063,-0.10913006667919678,0.7378129844242771,32,3,212.85783264973873,3304.3309842283425
0.009829572029616,8.162772052041731,0.004693911836668,3.235475624462511,75.95585546276271,25.07488867826031,47.06571171305399,2.570993362479193,50.871417247296165,31.951931961067086,22.68499303831944,46.371775867755765,29.792856040098425,31074.27440241647,90.08128629682257,24.001910156574773,10.346832403767582,River_Interpolated,4.9248153010578255,5,5.20308279501076,5,5.374307076855255,5,5.333908231549924,5,5.413768167782627,5,5.329517220844056,5,0.27826749395293415,0.17122428184449578,-0.04039884530533122,0.07985993623270282,-0.08425094693857105,0.4047019197862305,4,0,174.9120789888349,9370.517248352577
0.000556473432927,2.999976368062392,0.009616121105474,1.071494297283836,35.705137244346645,22.271158966766947,67.04955295139081,6.266969215761451,63.14941326104198,37.17016228487637,23.12549057962623,50.18239620663714,28.320335582630634,30565.587672370988,90.56220620626468,23.91473991373703,12.401885765716965,River_Interpolated,4.606492448217703,5,4.8191236016095305,5,5.116339349070688,5,5.136399527500363,5,5.217587767228655,5,5.383910166111837,5,0.21263115339182725,0.2972157474611574,0.020060178429675446,0.08118823972829148,0.16632239888318257,0.7774177178941342,7,4,1473.2736938985606,528.512572256463
0.045557430175791,3.345509836634646,0.042229404870674,2.342914900330661,69.1933355807811,47.545975376895875,132.9720157178209,5.031646967237895,143.80751542083226,35.88504153649267,52.58272887174549,26.51827186561566,19.98253576858978,42744.00072728248,90.35365486546185,23.732604473462768,10.946899010059072,River_Interpolated,6.368612817731765,7,6.41430963338742,7,6.487251069523788,7,6.49399325092123,7,6.4981282255992525,7,6.5593424045274356,7,0.04569681565565542,0.07294143613636805,0.006742181397441982,0.004134974678022374,0.06121417892818304,0.19072958679567087,3,1,2355.6776196050196,1753.7273067851374
0.039649545719904,15.323126423334333,0.020046117690906,2.973972052061619,24.47160359804814,41.4297758573341,76.66358903168887,2.802862596913765,107.19474027503182,32.38236553572945,23.42662833408755,41.76198826869357,35.77759554996014,43070.299450644816,90.30608905838798,23.799161989884755,16.185813217814086,River_Interpolated,4.441881117096488,7,4.962459391790762,7,5.291608326493451,7,4.89982963519861,7,5.289239083202858,7,5.180238372774739,7,0.520578274694274,0.32914893470268947,-0.39177869129484133,0.3894094480042485,-0.10900071042811899,0.7383572556782516,32,3,218.42817244599797,3308.2159605107513
0.000580999384696,3.047771028111901,0.011043724208995,1.014668659622664,33.37533555656182,22.331043129682865,65.82733448048272,5.813109282623302,60.24127238673016,37.112561664080886,24.529632073299915,48.984441548939856,27.884400177619654,30362.13009876609,90.53289678974468,23.801715419497015,11.89613753427933,River_Interpolated,5.487694862240737,7,5.919277330717065,7,6.164269666408603,7,6.2437336303648,7,6.276996211814243,7,6.300216738711741,7,0.43158246847632853,0.24499233569153755,0.07946396395619715,0.03326258144944294,0.023220526897498317,0.8125218764710045,1,7,4123.991809856497,445.5458496547828
0.036098456516155,15.388364249427454,0.013164857814699,4.893971883370769,51.540853170166955,29.618323161488913,60.596975184674676,2.764644879408803,87.52552033780762,32.973808969581796,16.95136255417745,47.13813688835671,35.18963754769683,38609.019609062,90.36870159211306,24.1001144404421,9.987490225518147,River_Interpolated,3.97351639125291,2,4.811479601572339,7,5.180280883868259,7,4.734490325535244,7,5.131082318818456,7,4.795708506659543,7,0.8379632103194288,0.36880128229592035,-0.44579055833301506,0.39659199328321204,-0.33537381215891315,0.822192115406633,15,7,1523.167882136792,1291.9987700206275
0.016785663089758,3.721298252087469,0.008322866987944,2.914792972074786,75.98786101788274,25.23544423231606,49.893072353779345,2.392711260401134,40.91828640211193,31.114514034016665,34.287546388511316,39.88180584016109,25.37705803402817,27591.909007310565,90.10334916624168,23.816622456479212,13.010582268621667,River_Interpolated,4.858662521143642,5,5.015488836788989,5,5.437087264523549,5,5.4578801800606245,5,5.260870938998881,5,5.301304533744515,5,0.15682631564534688,0.42159842773456013,0.02079291553707563,-0.19700924106174345,0.04043359474563424,0.44264201260087344,7,0,585.0586202086101,10751.168173447937
0.019151620987637,3.683884906706733,0.009073423149747,3.097752414281949,74.6531611397895,25.64468246773808,50.89948574827896,2.354210932756517,40.753248629219,31.115175051314047,35.89419589581877,38.873667760565326,24.89428934336322,27329.055599490417,90.09341709216922,23.79383373328925,13.386912338691335,River_Interpolated,4.995734266534006,5,5.011598296756289,5,5.367039870693763,5,5.406693275084534,5,5.1737056986996945,5,5.179713559238039,5,0.015864030222283,0.35544157393747433,0.03965340439077014,-0.23298757638483902,0.006007860538344012,0.18397929270403246,9,0,280.65814993016505,12975.363894733711
0.062749309092287,8.6241415068522,0.057082428302834,5.590801205292127,60.7180967829471,27.696011856176078,71.33825495338888,1.607606857885532,45.12290420190938,31.85341113176566,58.80213650019443,23.838388395150407,16.484839149177432,29504.85773082618,90.21764339627049,23.706580710760168,18.276921186897596,River_Interpolated,4.818740635113861,5,4.789288553156344,5,5.269060399097177,5,5.275481542660774,5,5.10745414762078,5,5.1544040182150805,5,-0.02945208195751725,0.47977184594083333,0.00642114356359702,-0.16802739503999398,0.046949870594300336,0.33566338310121946,5,0,2151.8178147949156,6355.65038502542
0.00821143123219,4.030381949961215,0.006152824729527,2.185649776386155,82.71626469528508,22.581883260699925,45.58470433470071,2.559380303315103,43.13780682940007,31.321512499868106,27.15509926590223,44.02632978421033,28.249853994371115,28442.622261629014,90.14117004911101,23.89216755942142,11.071677786033502,River_Interpolated,5.1483376056930785,5,5.425261124076979,5,5.654304243027126,5,5.681600795806711,5,5.671458086237901,5,5.703114358954738,5,0.2769235183839003,0.2290431189501474,0.027296552779584538,-0.010142709568810027,0.031656272716837464,0.5547767532616596,14,4,418.53735982822315,2937.0291621662036
0.024315899506277,20.186047746163005,0.034839279966884,10.078081978857842,68.9548147721351,27.228622824262516,106.36580470984966,3.393104677793655,70.29492097607101,34.192148834383545,17.39268616988406,48.37521780462457,34.397155325958124,41428.73390306964,90.4176965406939,23.589925489554616,16.14253627035432,River_Interpolated,5.0169533322066755,5,5.050563386596676,5,5.230576354662813,5,5.22168150291609,5,5.199218467078012,5,5.208077104810256,5,0.03361005439000042,0.1800129680661371,-0.008894851746722665,-0.022463035838078405,0.008858637732243935,0.19112377260358038,14,0,2613.4496641117644,6117.588987041631
0.040324485504412,6.106701155453953,0.039616706763073,4.029752404979085,67.32992086130605,28.293721739448753,59.85511144155996,2.01999726197807,42.42446232309608,31.365014327644744,46.783372035497024,33.081584329469685,18.832319455245127,29048.142219605514,90.02331545332937,23.670663297951172,16.70434671976831,River_Interpolated,4.875216065567403,5,4.806495885852642,5,5.07051344300077,5,5.1524921180575785,5,5.02899648468605,5,5.1834696083953204,5,-0.06872017971476119,0.26401755714812847,0.08197867505680811,-0.12349563337152869,0.1544731237092707,0.3082535428279174,0,0,7174.792957215779,24896.07250441948
0.057481791747027,9.56807707788142,0.015841224907253,9.13984789817486,77.42720244840397,45.845605492235194,129.04700910843567,6.604849037126782,135.37520092062775,34.72631383591622,13.526102719756546,37.250644920651126,48.78687866881346,43936.34304728348,90.43386240640017,23.643177557448645,11.535152073283326,River_Interpolated,5.645425656464291,7,5.698599738259165,7,5.829087372815162,7,5.9022885942723935,7,5.927655729762071,7,5.8431348206695946,7,0.053174081794873373,0.13048763455599754,0.07320122145723129,0.025367135489677395,-0.08452090909247634,0.19770916420530327,38,13,1180.391213137007,2385.0498796823485
0.061562577649896,4.316756554540101,0.031040697006439,5.482431024298594,55.84479864777318,28.860215581181258,67.8584969632026,1.846672746156497,45.661823555093434,31.649933822101914,55.4989221150113,27.929826898286553,18.748265103134184,26036.884347815274,90.26520979845175,23.760363728580693,18.520697490145817,River_Interpolated,5.402580562840654,7,5.689209950495818,7,6.081386186074341,7,6.107486666977038,7,6.095583937263665,7,6.041746630318769,7,0.28662938765516444,0.392176235578523,0.026100480902696788,-0.011902729713372473,-0.053837306944896746,0.639166067478115,5,4,1145.1889700436122,1724.719223322888
0.039792701973939,17.038675788144435,0.013216587604632,5.611144193739992,47.55041263329181,30.85473971591373,62.189409646336706,2.710150910799065,89.42743616108363,33.26730017214602,16.826796865021198,47.47271991785688,34.95363211369402,39365.74936742222,90.3522104740764,24.003759698692324,10.125050137608513,River_Interpolated,5.100580474387689,7,5.283743956267709,7,5.53279231647933,7,5.252014577430521,7,5.587980522012818,7,5.412109206489442,7,0.18316348188001985,0.2490483602116207,-0.28077773904880843,0.33596594458229667,-0.1758713155233762,0.3115287321017526,0,5,9727.375106956093,1833.04831467369
0.061295941339137,7.495003867303306,0.049473921171231,5.591095143995114,60.20705984646424,27.83138859898763,70.17535124415512,1.655920254401884,44.20869047814365,31.74923275927658,58.291872595723284,24.352303885713447,17.089431431593663,28418.419984049848,90.21138674261438,23.716521464531127,18.17367784543794,River_Interpolated,4.851377402867922,5,4.838081016395026,5,5.299831704406723,5,5.346283702227158,5,5.1818816688853175,5,5.2468116951642605,5,-0.01329638647289677,0.4617506880116977,0.04645199782043452,-0.16440203334184034,0.06493002627894295,0.3954342922963381,7,0,1013.9980202496586,5829.101754303816
0.026155102320713,19.67911987594076,0.03239968270198,10.334206952049831,68.5965516038636,28.849551287486168,107.1525290596141,3.731490865464193,74.47435575661788,34.17416341710234,17.730944432188448,46.57021168441026,35.611634865120394,40998.04607266911,90.42166655387342,23.58540551703465,15.777678360989361,River_Interpolated,4.991710996454777,5,4.986732375647551,5,5.210222350563096,5,5.173067087872135,5,5.142612610418573,5,5.182319807674243,5,-0.004978620807225553,0.22348997491554456,-0.03715526269096081,-0.03045447745356178,0.03970719725566951,0.19060881121946593,10,0,2963.422482431927,6172.895842486724
0.029168369051873,18.663568293912004,0.032501661399915,9.94008342840428,70.68830062584237,30.073807033442215,110.1847033524786,3.847993205586793,80.44502817118808,34.28417696402459,16.163052382127084,47.44151403762837,36.49711790278514,41954.219132822334,90.42666797381452,23.61238350037364,15.532831389406239,River_Interpolated,5.348943757296102,7,5.367864908532537,7,5.497766121258835,7,5.538634635380294,7,5.551455081880148,7,5.4351364726614975,7,0.018921151236435563,0.12990121272629818,0.040868514121458865,0.012820446499853588,-0.11631860921865034,0.08619271536539586,47,1,172.24254665448743,3871.9926142373556
0.004264624575915,25.3340379504689,0.053618344372502,8.907650503106204,69.49118033892208,15.714906953602235,97.76770270953308,1.093290442175584,36.387658930979335,34.48505445003901,13.208980885558478,63.358506067844594,25.309909445888927,43441.80173019394,90.38182521172472,23.633058444331937,19.50596087622084,River_Interpolated,5.456484142899264,5,5.500745739799745,5,5.636503144176936,7,5.703047273868416,7,5.741711942699595,7,5.612939490758861,7,0.04426159690048159,0.1357574043771912,0.06654412969147927,0.03866466883117958,-0.12877245194073428,0.15645534785959736,28,1,521.2359761464359,3868.6274862044143
0.000248974289593,1.836047173975043,0.004220834720815,0.459618283561089,43.92092788524984,19.17549515185104,69.46020278025732,7.518472879204287,69.93179563544885,37.20320353054388,18.656970691516975,57.18033903274444,26.489315218148683,30611.21746528898,90.55374166004363,23.866079992293216,14.135964624683663,River_Interpolated,4.836789068083871,5,5.2912052140314625,7,5.425911641698098,7,5.455895153243555,7,5.601803822773881,7,5.66617071565554,7,0.45441614594759105,0.13470642766663588,0.02998351154545631,0.14590866953032666,0.06436689288165898,0.8293816475716689,14,2,387.1955086921342,2204.8716927940245
0.017632533437469,3.705336813312599,0.008574723720141,2.984949997318061,75.43456398716418,25.43309654338538,50.27994269991336,2.377495348188569,40.80210204745877,31.108162605776222,34.92815174723981,39.48231898871752,25.165481879056788,27494.29584142049,90.1042876120621,23.808754831776525,13.167676266853594,River_Interpolated,4.907818948748108,5,5.008356677860675,5,5.434412769124992,5,5.46817094444476,5,5.255410911033201,5,5.276961745280428,5,0.10053772911256686,0.426056091264317,0.03375817531976821,-0.21276003341155914,0.02155083424722637,0.3691427965323193,7,0,855.972456765408,11613.335711980822
0.008555513758916,8.005385835721913,0.005415948669708,3.009271786457415,79.75915828579176,23.297240630177996,45.620197306402574,2.6067032571354,52.18296144300116,32.18979286247174,21.453775420359023,46.40031555962028,31.40239242118225,30434.396741196444,90.21635891069417,23.990305986365758,9.551137659468926,River_Interpolated,4.7726689913072144,5,4.945486536991966,5,5.170858939698482,5,5.091703430664277,5,5.221101999490548,5,5.157088762310855,5,0.17281754568475183,0.22537240270651537,-0.07915550903420421,0.12939856882627065,-0.06401323717969287,0.3844197710036408,9,0,527.1437320913652,4749.991385399882
0.069660470138961,11.688314116356697,0.089835262800024,5.327066712015479,62.3905457234268,28.985253610117468,72.53782386553361,1.526326753836284,49.498940286566686,32.36240699619797,60.08371421759491,23.979255360269722,13.164995088183398,32263.312399533846,90.26664631177809,23.721661924964746,19.683826370710737,River_Interpolated,5.231260119354499,5,5.287090505609937,5,5.851498311070035,7,5.784677379028991,7,5.717251225530345,7,5.7342922616143035,7,0.05583038625543768,0.5644078054600978,-0.06682093204104422,-0.067426153498646,0.017041036083958794,0.5030321422598041,2,2,3709.2930957072986,2906.9784348298026
0.000322678107931,2.115345301038266,0.00573810896453,0.570130775607452,42.05671132479074,19.812995844264346,68.8574782984978,7.225213331017624,68.28724321163797,37.18341290448709,19.907075656868958,55.591796758881344,26.67853535477702,30605.97579202185,90.54289195557911,23.808691334248223,13.738823621417662,River_Interpolated,5.524615124636162,7,5.934279772661434,7,6.1905426190837485,7,6.2341704487453615,7,6.273273578789091,7,6.365986812155992,7,0.4096646480252719,0.2562628464223149,0.04362782966161305,0.03910313004372945,0.09271323336690074,0.84137168751983,2,9,3651.473993199028,379.55193908449615
0.010421003285415,4.040844549468116,0.00687728195389,2.390571141616096,81.30308583598752,23.128669076693512,46.58600872583135,2.516149386294529,42.947358710237026,31.328398375416416,28.95465608933081,42.77682989195935,27.784823519563727,28100.38879534414,90.08674936230243,23.934023892300498,11.465723830688919,River_Interpolated,5.130139329067751,5,5.422328529570053,5,5.568850086706931,5,5.51140106440232,5,5.533425820725946,5,5.523095138432099,5,0.29218920050230235,0.14652155713687787,-0.057449022304610686,0.022024756323625994,-0.010330682293846927,0.3929558093643486,8,2,609.3212668872247,1857.5470791604412
0.007937326353986,4.052487426905143,0.006106927282366,2.164197509125143,82.98069195293027,22.474319961789906,45.43012886205534,2.564796921027835,43.26457055021867,31.336727454888603,26.916219570618,44.13804792766741,28.38174854548475,28453.748358891793,90.14339336037119,23.894001574766023,10.9936686055056,River_Interpolated,5.184173985780008,5,5.464675867837725,5,5.679693294298062,5,5.712534969097077,5,5.706616478460895,5,5.736788884241832,5,0.28050188205771676,0.21501742646033684,0.03284167479901523,-0.005918490636181772,0.03017240578093716,0.5526148984618242,15,4,312.23750260005596,2686.9222336029793
0.025211489293486,17.71104348077752,0.016186243414082,12.942272800061637,61.75021290377895,42.9204996143189,107.3576973848771,7.030580525675792,102.86244877806618,34.93424061235648,13.215668091711105,38.655809055310364,46.67332238272155,36539.828924783316,90.4628845270679,23.582876359801496,14.522549248143532,River_Interpolated,5.261778956066375,7,5.273058130498879,7,5.465017336015238,7,5.398908784469555,7,5.377012710343993,7,5.4621057876251,7,0.011279174432504036,0.19195920551635925,-0.06610855154568362,-0.021896074125561604,0.08509307728110649,0.20032683155872455,16,3,1545.768224194534,2214.6111525117262
0.001716375293777,4.370538462811466,0.003661775690321,1.44566899799092,87.75776550318572,19.70314132055236,42.099730054348704,2.758274088647156,45.72787827235489,31.412756068141142,18.19831886719322,50.79390088584329,30.348106270713647,30656.63606687029,90.23057095440481,23.88405835503762,9.253033441329993,River_Interpolated,5.185455893509897,5,5.40307779846886,5,5.5339023380922825,5,5.517975377612249,7,5.663411269742741,7,5.645391061452514,7,0.21762190495896228,0.1308245396234229,-0.015926960480033614,0.14543589213049213,-0.01802020829022677,0.4599351679426169,3,9,2054.7648483580447,2085.831537178302
0.001118738119098,5.643632305961272,0.00579323264632,1.902805908326808,90.45224627604813,19.61605854222982,41.176514097025375,2.683907074738562,49.31875273291307,32.14298386382195,20.93414013903101,45.40611850406448,33.415623466370626,28052.33157103756,90.2316988298273,23.894888374204086,8.445338911310571,River_Interpolated,5.245294243423322,7,5.515358803161772,7,5.650511787670194,7,5.609301499496489,7,5.77919327916569,7,5.7597994923507745,7,0.2700645597384499,0.13515298450842206,-0.04121028817370487,0.169891779669201,-0.019393786814915437,0.5145052489274526,2,9,1968.2447166177003,986.0720314359215
0.03444247384808,15.326273590817873,0.014734894041407,12.112287453823017,65.5845382165644,44.66780757182031,113.4007838760307,7.129099207105176,113.75904498073452,34.88567977001665,13.334874585914804,37.3732748511664,47.96548433491587,38204.606315868914,90.45859697849004,23.611309409799283,13.56023877071093,River_Interpolated,5.661684782608695,7,5.775818665857426,7,5.926416629883028,7,5.910295050761421,7,5.893214798057824,7,5.8775725557272125,7,0.11413388324873086,0.15059796402560188,-0.01612157912160672,-0.017080252703597587,-0.01564224233061129,0.21588777311851715,34,6,407.7557677205868,1964.5521740726422
0.07069655234704,19.03232957775137,0.037846236225948,3.02554986467986,12.790103251721233,39.50462795719997,87.05140932425759,3.585459936620389,169.40648620771353,32.28036937486646,18.937386027943194,29.35179716789985,50.745558312105764,47890.952413753694,90.34503411615795,23.825385725765365,10.863492555357377,River_Interpolated,4.820800328297371,7,5.364608370893265,7,5.5999186153575575,7,5.233415292726075,7,5.5357368241367535,7,5.3665912594273415,7,0.5438080425958942,0.2353102444642925,-0.3665033226314822,0.3023215314106782,-0.169145564709412,0.5457909311299707,7,1,2110.5987178506143,3031.050303891579
0.026142513597247,19.682966859646747,0.032415523980999,10.332564937688323,68.59742598625712,28.836968274644462,107.1450333971755,3.728974136109031,74.44071031333814,34.174065766189926,17.73182049225105,46.58015989911118,35.60233338527853,41000.33935758,90.42162258031864,23.585398849767135,15.780043435196465,River_Interpolated,4.991155014245907,5,4.986178513903239,5,5.209722700564618,5,5.172559844982275,5,5.142119874343801,5,5.181989278172628,5,-0.004976500342667833,0.2235441866613792,-0.03716285558234311,-0.030439970638473923,0.039869403828826755,0.1908342639267211,10,0,2965.1341753690567,6177.02549514188
0.002638774694753,6.399078834925947,0.006131719456188,2.220566088171555,88.74008910338202,20.313918416236117,41.93271193153104,2.655960670037421,50.70794470008562,32.299016468314484,21.43074551085381,44.706452436205076,33.606983241830605,28103.309532051964,90.24636174578946,23.927464094110036,8.499026168853792,River_Interpolated,5.367169624583383,7,5.636808174230002,7,5.815841881203996,7,5.7295045079995655,7,5.887247421844961,7,5.7665047614613885,7,0.2696385496466194,0.17903370697399357,-0.08633737320443036,0.15774291384539563,-0.12074266038357262,0.3993351368780056,3,10,1866.594794285556,1204.7279937295416
0.073385560332879,14.402499144507226,0.11582382401466,5.051921288181498,64.26247559440453,30.35609188192765,74.53295461544333,1.505248856109483,54.312383231470726,32.811419228444024,60.932847627192764,23.786898662229902,10.689974181953803,34943.50184521311,90.27827118937056,23.711967608354744,20.521135913649243,River_Interpolated,5.3349128016249905,5,5.313602049860158,5,5.816936866100403,5,5.814103824175521,7,5.7304661500632825,7,5.781850598852989,7,-0.021310751764832325,0.5033348162402449,-0.002833041924882096,-0.08363767411223844,0.05138444878970638,0.4469377972279984,1,1,2724.0719265584416,2373.5532910169127
0.003838635179299,5.609426108509533,0.003215418228017,3.681842016317373,67.36450988893247,35.33592614423272,50.20351708862835,2.179347327761986,35.219915849210686,30.63015051920645,43.54236342953941,29.92688257029287,23.282506955117455,25472.78306096238,90.24795671528346,23.816369686865876,15.171436842179377,River_Interpolated,5.773590273694593,7,5.956089545187282,7,6.136250696177104,7,6.213008640355339,7,6.258983055523465,7,6.1278396697663435,7,0.18249927149268963,0.18016115098982155,0.0767579441782349,0.04597441516812584,-0.13114338575712114,0.35424939607175077,8,6,376.6915878068812,764.2919922204729
0.026889248843219,19.474426784128788,0.031281394306508,10.466674183886274,68.3857781293382,29.593844375075378,107.45085205377798,3.889649998743207,76.3103131722403,34.16708565816266,17.86880423849821,45.75682362793863,36.16728180163795,40775.59858531282,90.42364173284248,23.583112341918024,15.621130747583853,River_Interpolated,4.978247688608819,5,4.96735839005208,5,5.1926515634747625,5,5.153857342127952,5,5.11855386470213,5,5.15779143856501,5,-0.010889298556739035,0.22529317342268218,-0.03879422134681043,-0.035303477425822294,0.03923757386287985,0.17954374995619027,10,0,3176.9669178790577,5913.64424175804
0.000222912862337,1.678148325770145,0.004033213682386,0.435172511289919,41.99414750118743,19.144263812166834,68.45476898472066,7.13980261036699,67.5531280660151,37.18897901527731,18.815752443691117,56.551771990255304,26.712883723658674,30332.898343724137,90.5256006760955,23.83867782919983,13.727845131480999,River_Interpolated,5.2632685224780325,7,5.685223056019201,7,5.909905094284966,7,5.907175520395072,7,6.043324872746334,7,6.076881560978301,7,0.42195453354116896,0.22468203826576438,-0.0027295738898933664,0.13614935235126158,0.033556688231967335,0.8136130385002689,2,4,2667.0777857380745,3152.6434814567315
0.051882601659257,16.30655508627165,0.030170088862129,7.557962781509897,62.75833727678933,15.82647948941149,99.3976150663108,1.191536046863662,45.990938233670654,31.890850404205153,56.90158696659348,17.83000333326956,23.69599076221482,39393.81612409215,90.33355701718044,23.639557798012273,12.306585217220233,River_Interpolated,5.199936545597506,5,5.295309547128689,5,5.506940325272785,5,5.548242588939622,7,5.609048459851296,7,5.561371442759991,7,0.09537300153118267,0.21163077814409625,0.04130226366683676,0.06080587091167455,-0.04767701709130545,0.3614348971624848,4,2,1473.3255871310291,1591.1400785660037
0.009835310857159,8.163996864006766,0.004691213481975,3.236766845572131,75.9383435742344,25.083700781128588,47.07238726258416,2.570781768587603,50.866141700403816,31.951044024784437,22.69251528143027,46.36909761937699,29.78615229763566,31076.19689027125,90.08049950702521,24.001710922018816,10.350462871348883,River_Interpolated,4.9296275515139785,5,5.206469962271452,5,5.375371964786688,5,5.336536712779337,5,5.416004643513592,5,5.330912256941086,5,0.2768424107574736,0.16890200251523613,-0.038835252007351606,0.07946793073425518,-0.08509238657250595,0.40128470542710737,4,0,98.56556689628809,9351.458554730962
0.028213171321962,17.21023547713952,0.023226784972507,11.215788096956606,66.59155982623847,38.430605559432784,110.20311719871596,5.843133981311969,97.5646498945918,34.867700801660526,13.090547841029814,43.117802285061494,43.29838114843107,39607.951492744716,90.44229309564051,23.596073778284357,14.80245941198288,River_Interpolated,5.226875991447686,7,5.261730119318574,7,5.4137406028001935,7,5.401058693703014,7,5.407631560797296,7,5.3703772673977515,7,0.034854127870887375,0.15201048348161983,-0.012681909097179478,0.006572867094281953,-0.03725429339954456,0.14350127595006512,34,1,1093.3048043107262,4072.3693239794097
0.00620984045589,5.692375253905583,0.005187805931303,4.054142620738045,66.61834170353406,36.123378049012,50.98492743551519,2.092250536954094,33.93058294774584,30.667762983334487,47.11660507599448,26.94355704986191,22.57243903386644,24370.49140729495,90.24079772800575,23.792634741135437,15.636595052151197,River_Interpolated,5.506305650773507,7,5.710748746456628,7,5.907558504438268,7,6.063373773182793,7,5.978117305450758,7,5.837870459138279,7,0.20444309568312047,0.19680975798164013,0.1558152687445249,-0.08525646773203466,-0.14024684631247908,0.33156480836477176,7,7,1796.5022607054484,504.8071251765537
0.04094423256775,17.37043869939546,0.01352033708042,5.710821405561047,46.27233145710306,31.205263226528615,62.84260885516744,2.712424854621143,90.81029799520878,33.30117015420814,16.77515164211471,47.39310735029521,35.07134949629324,39670.79589417262,90.36443211851642,24.007924843102547,10.170849023858697,River_Interpolated,5.126960890810841,7,5.270850360193529,7,5.570417921050544,7,5.28486669908236,7,5.611003058799999,7,5.457744074652652,7,0.14388946938268798,0.29956756085701564,-0.28555122196818417,0.32613635971763877,-0.15325898414734684,0.3307831838418114,0,4,9503.342806618817,3110.776841360139
0.031869964929352,17.887652676860355,0.030263017404411,10.044179377723781,70.95251548290094,31.829818173942286,111.76055054756749,4.175989211209427,85.84281076871859,34.28687539900786,16.20238892982553,45.90676982539794,37.81277688405643,41840.13353732017,90.42966409033272,23.61360805107501,15.107607538871848,River_Interpolated,5.378658404113344,7,5.411829314132207,7,5.547859702120469,7,5.590813944265698,7,5.603690561170827,7,5.500205184441847,7,0.033170910018863076,0.13603038798826184,0.04295424214522914,0.01287661690512909,-0.1034853767289805,0.12154678032850263,46,1,214.9719755744492,3538.45772045706
0.014153236611701,8.420477728736895,0.008461419757549,2.628474069164658,56.7738486806534,34.1731231347179,57.2336980500095,2.620002577253987,64.43916441860321,31.05653060508048,29.495002164956272,39.179585751288315,29.409784037240414,33608.6060475521,90.27641176604806,23.821679642497426,13.896851890805522,River_Interpolated,5.331347519687144,7,5.73002360560534,7,6.009571564298117,7,5.75213597104563,7,6.0228779526405,7,6.00747482097502,7,0.39867608591819614,0.2795479586927767,-0.2574355932524872,0.2707419815948704,-0.015403131665480352,0.6761273012878757,11,4,295.9999705051698,2201.915585545788
0.040347617915302,6.110033256665347,0.03965157735845,4.030850190292748,67.32483238153405,28.29523248353223,59.86391111538858,2.019641348662339,42.42947941709011,31.36577018225974,46.79445748346188,33.074287483692984,18.827947987641217,29049.202774733632,90.02340269764984,23.670159975014677,16.707043274568157,River_Interpolated,4.873670307935537,5,4.804653190285034,5,5.06835999765779,5,5.150363367837555,5,5.027384337122075,5,5.1828745421305005,5,-0.06901711765050322,0.2637068073727562,0.08200337017976445,-0.12297903071547989,0.1554902050084257,0.30920423419496323,0,0,7201.066160862113,24909.175550978252
0.003262126117509,25.627780474756488,0.054182003911473,8.949386001352217,69.44625320275657,15.387037915123472,97.31500467978096,1.040535148937453,35.12785310907216,34.501735618276534,12.648552623159048,64.10054813906967,25.18351634501439,43461.812657887,90.38377945444232,23.632045343379954,19.672534526908883,River_Interpolated,5.466725407666563,5,5.510838059339905,5,5.636380565810324,7,5.706354201332191,7,5.752168732660054,7,5.612295606322647,7,0.04411265167334211,0.12554250647041876,0.0699736355218672,0.04581453132786262,-0.1398731263374069,0.14557019865608378,28,1,623.0881271261028,4096.308869889468
0.014204423834448,8.845345827398145,0.008017238551508,2.815028424021464,75.85995761073602,22.926079040720158,48.43143806001331,2.74995376275573,62.83474094220259,32.26969484448381,18.1054268281987,47.990851151714736,33.44842210156678,32784.222341467546,90.27092911766377,23.90988543296801,9.087776722107261,River_Interpolated,5.758091631879245,7,5.9527460078523875,7,6.140173911244226,7,6.080856831008137,7,6.22245327622506,7,6.228608968688734,7,0.19465437597314228,0.18742790339183824,-0.05931708023608895,0.1415964452169236,0.006155692463673645,0.4705173368094888,0,5,4794.087319597221,2576.989777581082
0.010428723218973,4.040367435754149,0.006878932411618,2.391163973762192,81.29665654344218,23.131121213543963,46.590009060841766,2.5160072517581,42.94475271347386,31.328103781427295,28.960836448591095,42.773720579898416,27.781786197475576,28099.92987656958,90.08661777510274,23.93396438458263,11.467604407767155,River_Interpolated,5.1314793890236325,5,5.422619176136704,5,5.568845195170341,5,5.5115619624749,5,5.53341921739944,5,5.523153912403051,5,0.29113978711307187,0.1462260190336364,-0.05728323269544067,0.021857254924539937,-0.010265304996389446,0.3916745233794181,8,2,622.8735534933523,1849.2790617454532
0.008868189263019,8.10598762806792,0.005405179954775,3.0549046944494,79.32891508221671,23.439597817912002,45.80025186712794,2.603770293722415,52.31911655727703,32.19371341486881,21.460918737668116,46.44906958398061,31.32858108677594,30534.276142236056,90.21655468570033,23.993530570299576,9.591822809283794,River_Interpolated,4.801075777438406,5,4.966429256821591,5,5.191763635298835,5,5.127338622121912,5,5.25168146536384,5,5.187652886083819,5,0.16535347938318523,0.22533437847724347,-0.06442501317692262,0.12434284324192824,-0.0640285792800217,0.3865771086454126,9,0,882.8244617521846,4662.331176111116
0.024144286410095,11.973925233977535,0.010367288561177,3.841343623614411,64.91293651727241,26.012018497824833,53.87160856245773,2.743766914040422,73.95569606998411,32.65352537894897,17.784703227222362,47.33088199000296,34.32866103142531,35252.68805420275,90.27197500950642,24.005110884782805,9.460413134142641,River_Interpolated,5.484927624096111,7,5.7801363314860446,7,5.9115218500871825,7,5.856776804474948,7,5.987879918439468,7,5.949338162711706,7,0.2952087073899339,0.1313855186011379,-0.05474504561223448,0.13110311396452,-0.03854175572776164,0.46441053861559567,0,9,4831.61301797282,1870.6180195466395
0.027991114441641,13.237427223816981,0.028300230524849,1.843601232568752,11.03530713135159,36.01215358100529,71.62562260106625,2.479206697585842,93.39128594859895,34.338724310637645,26.77665426272803,39.33996415416878,34.32563532818046,40878.95810569626,90.40608054398363,23.79363015666628,11.629698821478778,River_Interpolated,6.6741577489852295,7,6.737930523128494,7,6.789710553269855,7,6.727769021992158,7,6.749416312890777,7,6.744596798946087,7,0.06377277414326432,0.051780030141361344,-0.061941531277697415,0.02164729089861961,-0.004819513944690712,0.07043904996085715,0,0,7897.180374589022,6269.175547217466
0.000248603919055,1.83472314397556,0.004213855420232,0.458865464754541,43.934220065164844,19.171520670695763,69.46471392128626,7.520615063359392,69.94386607311264,37.203272412643834,18.65078004623158,57.19032731926571,26.486750901941882,30611.640963179736,90.55377421978324,23.866033233280042,14.138774114087797,River_Interpolated,4.837034508133504,5,5.291995981008852,7,5.426630415555194,7,5.456613646173114,7,5.602553262246248,7,5.667447940620821,7,0.4549614728753477,0.13463443454634216,0.029983230617919965,0.1459396160731341,0.06489467837457319,0.8304134324873171,14,2,383.31222218590034,2205.089512717241
0.01413076304613,8.41313299117153,0.008449887718017,2.628073851324324,56.80501029124659,34.164924622022035,57.2156837679137,2.619739605667284,64.39197411212012,31.05541493702856,29.499903975841566,39.18151374438908,29.4014614566621,33600.02658691047,90.27637626676118,23.82170515305303,13.895587889780423,River_Interpolated,5.33296433091585,7,5.731040345413851,7,6.010311375965183,7,5.753568460294305,7,6.024033437826541,7,6.008728459052802,7,0.39807601449800156,0.27927103055133173,-0.2567429156708778,0.2704649775322361,-0.015304978773739819,0.6757641281369517,11,4,293.14445671804106,2199.0673476718484
0.034137556903182,14.77570391984359,0.012724255300045,4.691734870107034,53.70868071589793,29.012418908518594,59.525934986498314,2.765825779300728,85.38048940819277,32.90116534795748,17.037065103442323,47.223179871918,35.04061718435153,38106.966417106654,90.34038862601972,24.10241173384922,9.910072085520845,River_Interpolated,4.120677060071944,7,5.364347365469105,7,5.750544424710131,7,5.148395115584222,7,5.701513310275345,7,5.30936479744631,7,1.2436703053971616,0.38619705924102554,-0.6021493091259087,0.5531181946911232,-0.39214851282903496,1.1886877373743667,15,5,273.8135480101947,2180.0909616065273
0.061857540868128,7.785313614258219,0.05164200579703,5.592945857561694,60.320971188365604,27.785852981256873,70.50858578713195,1.642920056112232,44.488787677247004,31.78088650191469,58.45098216682469,24.23155767217495,16.90476974648953,28704.200527402485,90.2139067053542,23.713810671952675,18.217456931284694,River_Interpolated,4.847024479738736,5,4.828536647187942,5,5.3018782686063775,5,5.330163514377988,5,5.169032104547124,5,5.232739430536133,5,-0.018487832550794003,0.4733416214184354,0.028285245771610512,-0.1611314098308636,0.06370732598900908,0.38571495079739737,7,0,1344.6518395866524,5899.702534184441
0.017712431445929,3.703545849158007,0.00859707004533,2.991895680015282,75.37644492358406,25.455667369940386,50.31852397873694,2.375954131206187,40.78651997660134,31.107013204249284,34.99346845478842,39.44196864265596,25.142366428218732,27484.956190946257,90.10491320392161,23.80802214558737,13.1842623343682,River_Interpolated,4.911710964386203,5,5.010761487327228,5,5.434762219706227,5,5.470611424365053,5,5.258660568490515,5,5.2780088259142595,5,0.09905052294102479,0.4240007323789987,0.03584920465882657,-0.2119508558745382,0.019348257423744464,0.3662978615280563,7,0,818.0587243329295,11709.36234086804
0.035084538757617,15.50963099132917,0.023345444485489,10.388829748974816,70.03429560262516,38.92476779968421,114.8556579721478,5.718115836541848,104.24238072551044,34.81434479514433,13.148529147613473,42.952522956658875,43.63279031637541,41230.25487071057,90.43842857628816,23.615986731662094,14.185962396989376,River_Interpolated,5.487090132840412,7,5.55455871601396,7,5.690209744389113,7,5.718631454071428,7,5.719376353578967,7,5.648683321148249,7,0.06746858317354842,0.13565102837515308,0.0284217096823145,0.0007448995075387543,-0.070693032430718,0.16159318830783675,43,4,188.50833997932955,2634.9383437482466
0.005694931647411,7.240019321928802,0.005825134726925,2.612110321433619,84.37349543750997,21.67273170752088,43.74157120581043,2.635509779348877,51.67893743655135,32.26717548445064,21.213493216766064,45.71093080475432,32.610810299500514,29316.195097870987,90.24905351409082,23.946784797979046,8.961601104543595,River_Interpolated,5.270993472031119,7,5.4646599973101875,7,5.657371294179314,7,5.5702489456278474,7,5.692714745347141,7,5.54240420990196,7,0.19366652527906858,0.1927112968691267,-0.08712234855146672,0.1224657997192935,-0.1503105354451808,0.27141073787084125,2,9,828.8945474843667,1816.46145011797
0.029673226613667,18.519869796499258,0.032022232193342,9.971917598718358,70.70213693802056,30.430987388383134,110.46072724313343,3.91707067068036,81.48927988520015,34.283427451069144,16.19019885686958,47.104568803790656,36.76468768416711,41909.45672138561,90.42733864705114,23.61226182365539,15.44836041821868,River_Interpolated,5.355654300040693,7,5.372402353314435,7,5.503415823487623,7,5.54349355459455,7,5.555501527723175,7,5.441129204687317,7,0.016748053273741625,0.13101347017318865,0.04007773110692625,0.012007973128625338,-0.11437232303585798,0.08547490464662388,47,1,111.92332823160305,3818.412874238738
0.05882432318686,25.24573756808381,0.013403686193037,9.157140651173604,26.80437211681273,37.13178053786999,70.53682155812443,2.452596015215555,99.26573221048359,34.6565785053587,15.765589021169276,49.79617126212929,33.516751153218685,43616.8881632505,90.33551228581521,23.90920275630804,10.90756109626494,River_Interpolated,4.685841737981884,7,5.260652450179934,7,5.615353046968895,7,5.1765726277164585,7,5.6435216239005275,7,5.316872349927665,7,0.5748107121980492,0.3547005967889616,-0.4387804192524367,0.46694899618406893,-0.3266492739728628,0.6310306119457803,6,3,656.7196051065126,1028.9354855000734
0.013183270810021,18.377900186428015,0.008556269965466,14.753377875996765,46.68235921030038,48.822533302056506,94.68535802861614,8.788945623390743,101.79697572359535,35.433747400676005,17.793903021709006,29.85735606229811,49.82010379304395,30586.490375626796,90.56442380028733,23.64295020765157,13.770634221970806,River_Interpolated,5.7345325626629515,7,5.946145038694459,7,6.16732421955829,7,6.1750958739705615,7,6.217846008470017,7,6.259461519361024,7,0.21161247603150724,0.22117918086383082,0.0077716544122719,0.04275013449945586,0.04161551089100701,0.5249289566980728,19,6,1277.3591766064753,1582.5533862043626
0.007208997829891,7.580626716037322,0.005475494042607,2.815495275230258,81.6280830055559,22.68149923940072,44.83958346838445,2.618986111412259,51.62257123289541,32.1775636884862,21.4337907903401,46.163221107015474,31.73964246062766,29990.87353252685,90.21541490745727,23.977376760709003,9.370166244773392,River_Interpolated,4.708321904059496,5,4.880464025490157,5,5.102060539122632,5,5.001122642314896,5,5.144777260861746,5,5.061560036840107,5,0.1721421214306602,0.22159651363247512,-0.10093789680773568,0.1436546185468499,-0.08321722402163889,0.35323813278061067,12,0,684.4940969668666,4933.28053202206
0.034422319567077,15.331482152631299,0.014730864525505,12.115696523616489,65.57285038434303,44.668845916687346,113.38686418521327,7.13002051301083,113.74353216604075,34.885755890248724,13.334731710404569,37.37149234828715,47.966112096218296,38198.37623990411,90.45861865174349,23.61128301976687,13.561816703761375,River_Interpolated,5.661474050137431,7,5.775595507012964,7,5.926433717405324,7,5.910207509233937,7,5.89321051306546,7,5.8778102723450925,7,0.11412145687553288,0.15083821039235978,-0.016226208171387313,-0.016996996168476386,-0.01540024072036772,0.21633622220766124,34,6,409.2243245514711,1967.3037692910045
0.0542463454195,8.451937186968244,0.044896183113651,5.562522796839254,61.30215706200713,27.83737990713048,70.13335079726701,1.629097227067738,42.770191190835035,31.59416765858508,57.598989713351635,23.15365319147743,18.09932939117742,29111.206430776758,90.1393116049885,23.702114237740556,17.336933022802448,River_Interpolated,4.744317976076959,5,4.9503520173534294,5,5.3895624225139365,5,5.4918431638971414,5,5.348539425426292,5,5.369369058683353,5,0.20603404127647007,0.439210405160507,0.10228074138320498,-0.14330373847084932,0.020829633257060998,0.6250510826063937,0,0,4387.459020207301,12687.129618250885
0.001168249096034,5.326644519134507,0.024181929028537,1.664133529485211,21.41173357081483,26.610002110345945,61.937444805161086,3.937800715682323,49.606001326664654,36.90169498970089,35.04737380355522,37.90185854865159,27.63092718051926,30599.15525372002,90.5187606970789,23.784538393922396,9.322042265988157,River_Interpolated,5.439781358577107,7,5.831413323677245,7,6.114281526696497,7,6.217586150410815,7,6.204722861650674,7,6.20116045487072,7,0.39163196510013876,0.28286820301925175,0.10330462371431803,-0.012863288760141423,-0.003562406779953342,0.7613790962936138,3,9,4137.651222737458,344.33902302132566
0.001143076176936,5.62735209786549,0.005757290228362,1.897560123745711,90.38590601813598,19.62555244154253,41.20078238612093,2.684950129811256,49.26456040550655,32.13100064970763,20.89144369813724,45.49567806610205,33.360774088586965,28099.598282028128,90.23190783087135,23.894679944718916,8.461113299200761,River_Interpolated,5.243832753694658,7,5.5134759526104435,7,5.648037188835763,7,5.606856691593716,7,5.776792842252642,7,5.756619002377755,7,0.2696431989157855,0.13456123622531901,-0.04118049724204642,0.1699361506589261,-0.020173839874887634,0.5127862486830965,2,9,1986.2863665439395,1016.8030446658152
0.000260316262856,1.880104720807172,0.004413217678935,0.48190425171257,43.667160771804724,19.285966625540137,69.39449491692082,7.48150046694554,69.73801298218687,37.202387703383884,18.81036637296106,56.94490505892878,26.55129020048488,30614.87174271935,90.55587287172618,23.867227559297213,14.082454587017597,River_Interpolated,4.81008425406671,5,5.2580269562701805,7,5.3966104314045396,7,5.434725109652472,7,5.568789519361904,7,5.6437916306548965,7,0.44794270220347077,0.1385834751343591,0.03811467824793269,0.13406440970943212,0.07500211129299217,0.8337073765881868,14,2,240.92385015859603,1954.0054147340668
0.013229130183932,18.311437479587077,0.008632364313295,14.694563445581467,46.66335403339908,48.79389944355526,94.66891248966756,8.783868882008793,101.79959660712223,35.4472729832195,17.848120535370906,29.845473478461827,49.809004338331874,30638.935787738334,90.56437465396174,23.643837063103543,13.752652598961307,River_Interpolated,5.771798563632132,7,5.979144214437825,7,6.19941200306931,7,6.207350823799219,7,6.249693500133636,7,6.292001689844551,7,0.207345650805693,0.22026778863148522,0.007938820729909146,0.042342676334416574,0.042308189710915656,0.5202031262124196,19,6,1220.8747502914457,1667.405734142841
0.072860548186057,2.03032039204665,0.027285994191573,5.99309117360777,55.57401741075782,26.117323511487157,69.73770651897412,1.790666852936664,43.41835771702451,31.61997386740922,58.957373315730074,27.007480400051307,18.00824455734754,24014.13061456238,90.24488051335143,23.75555715771286,18.765929327981137,River_Interpolated,5.223536532164479,5,5.4421846360233195,7,5.939428321156807,7,5.928235803297232,7,5.849724368513349,7,5.841035553616661,7,0.2186481038588406,0.4972436851334878,-0.01119251785957509,-0.07851143478388334,-0.008688814896688157,0.6174990214521818,6,4,2784.3671283097524,418.0858371827844
0.05001052233677,19.05763652942815,0.025388922392256,3.189284420426792,15.190441582860341,43.4563484443752,85.87258874717158,3.218592571332298,136.25028463981835,33.14696387502897,16.803058897402074,43.286286592804586,40.71655863991869,48599.50269279459,90.36549795696365,23.807097502909674,14.447337070409375,River_Interpolated,6.086385949545405,7,6.239513627499496,7,6.378283591997476,7,6.258762998584403,7,6.355573679192092,7,6.306476058120548,7,0.15312767795409066,0.13876996449798007,-0.11952059341307297,0.09681068060768894,-0.04909762107154325,0.22009010857514344,1,2,4058.4056974103255,2338.879953797105
0.010442316932175,4.040842704926216,0.006884344195067,2.392416448660611,81.29053112002082,23.133072977900156,46.595280507595135,2.515764048097297,42.94609085067164,31.328501915098144,28.970659040868306,42.765935777760326,27.780695645899293,28097.380701461,90.08595458770735,23.935021644886657,11.469224276321583,River_Interpolated,5.132762706959681,5,5.4165907346156885,5,5.562057411805222,5,5.50694389637846,5,5.525899406175488,5,5.520087913769888,5,0.2838280276560079,0.14546667718953366,-0.05511351542676213,0.01895550979702776,-0.005811492405599417,0.38732520681020777,7,2,588.5130762819585,1958.756479299313
0.0086267927495,8.02749755045596,0.005411672090248,3.019641098883801,79.65652377760155,23.332083094627052,45.66280967322977,2.606003355337357,52.209400447848,32.19001581793092,21.457261065407167,46.41208793903409,31.382292845405473,30458.14820515325,90.2161658480947,23.991130710614314,9.561844412699134,River_Interpolated,4.777398159744909,5,4.947844244698794,5,5.174266383327871,5,5.099724981929555,5,5.2284386483958,5,5.165034719132097,5,0.1704460849538849,0.22642213862907745,-0.07454140139831633,0.12871366646624516,-0.06340392926370253,0.38763655938718866,9,0,620.0349261502324,4778.445325254887
0.002387651671085,25.885344830667478,0.054672868814449,8.985745443179528,69.40278120135433,15.094613478282694,96.91323256150821,0.993509196737869,34.00951309028781,34.51554119428866,12.170191943587211,64.74119433636552,25.069000101020276,43477.81873007784,90.39150127208735,23.625820664741024,19.817563805477544,River_Interpolated,5.351047412462734,5,5.410572925737085,5,5.51794886827036,5,5.61733278386352,7,5.647669724960471,7,5.495416007848912,7,0.05952551327435174,0.10737594253327476,0.09938391559315995,0.03033694109695073,-0.15225371711155855,0.14436859538617863,30,0,242.8190406166823,5104.545937329041
0.032163142337685,17.80478184299971,0.029798266581339,10.101026152182499,70.86232671600715,32.14367716131376,111.88200503974927,4.242771019198766,86.60992121708864,34.28453304427239,16.251039663777835,45.57421809021171,38.04658344945123,41745.70195256573,90.43043067812879,23.61273054318166,15.043863204021939,River_Interpolated,5.386143052473495,7,5.409339119849509,7,5.5412220308326825,7,5.579522353780978,7,5.589400467956046,7,5.49020378675412,7,0.02319606737601454,0.1318829109831734,0.03830032294829522,0.00987811417506812,-0.09919668120192604,0.10406073428062523,46,1,278.7583052566223,3518.858882015334
0.008580602651526,8.01281075558514,0.005413636471312,3.012912806611222,79.72097512803724,23.310598262766984,45.63590452150683,2.606441665851685,52.19021256154589,32.189573741006704,21.45588311486852,46.404696994377076,31.393857595813863,30443.176884707278,90.21618124682233,23.99064010435438,9.555551560470454,River_Interpolated,4.7744896596582365,5,4.945720205557637,5,5.171967141792556,5,5.094699955631944,5,5.223257476879073,5,5.159531163175375,5,0.1712305458994008,0.22624693623491865,-0.07726718616061223,0.1285575212471297,-0.06372631370369852,0.3850415035171384,9,0,565.8263006509517,4771.397810580745
0.073820991300075,14.80926032233403,0.119889643404976,5.020288840614932,64.43020027043472,30.511351775344963,73.74295151503057,1.469556514949623,53.85537133298088,32.83048350145848,60.984330139087454,23.892132847287055,10.25806886401242,35094.53177891127,90.28086222139243,23.706594186952675,20.7863646908845,River_Interpolated,5.325638417104923,5,5.3412052763169235,5,5.794371928614535,5,5.8399465471161305,7,5.755894473661523,7,5.798544702129494,7,0.01556685921200085,0.4531666522976119,0.045574618501595054,-0.08405207345460752,0.04265022846797084,0.4729062850245711,1,2,2226.5345894675693,2686.0116360769543
0.007211074345933,7.581122616568485,0.005475068447107,2.815779569384372,81.62442314076333,22.682837504153788,44.84105367676141,2.618963372075734,51.62261732775515,32.17746030448979,21.43408027030356,46.16378279366963,31.738537089251437,29991.758746240714,90.21537681939813,23.977406309926497,9.370692217383317,River_Interpolated,4.708141482932431,5,4.880021877305385,5,5.10171311657115,5,5.00079223464682,5,5.144468348772218,5,5.0612891620119855,5,0.17188039437295366,0.22169123926576528,-0.10092088192433035,0.14367611412539816,-0.0831791867602325,0.35314767907955424,12,0,680.9217880554394,4936.403813907702
0.000608481473358,3.222676395791185,0.010312789890948,1.178708644366135,35.419995950355315,22.738907290246278,67.18313096439309,6.264921567685556,63.30555541363313,37.177210074134685,23.567582654707454,49.49581160478666,28.57269922176609,30679.120663486963,90.58683235958168,23.92130810485287,12.343931078482958,River_Interpolated,4.661708068822143,5,4.94882648994811,5,5.174117568373473,5,5.19843773513396,7,5.318686984098674,7,5.437495471494101,7,0.2871184211259674,0.22529107842536256,0.024320166760487538,0.120249248964714,0.11880848739542671,0.7757874026719582,5,7,497.15830585218924,878.2727923978186
0.018425118238778,3.691495973304649,0.008816478948371,3.049098268488652,74.94278796602346,25.600647931617385,50.63284042308173,2.36373267154282,40.713430114173136,31.104576172219208,35.50573876215133,39.120840470951975,24.981134000714164,27403.788074630294,90.10491675955986,23.80169605530293,13.306951131791372,River_Interpolated,4.94839430594614,5,5.030147290030431,5,5.432397766577901,5,5.470549988186241,5,5.255150532152076,5,5.2606346031198985,5,0.08175298408429121,0.4022504765474695,0.03815222160834075,-0.21539945603416566,0.005484070967822774,0.31224029717375856,10,0,166.1757863381151,12382.761251940532
0.000146383176888,1.459272695134659,0.002404187291012,0.244399190747204,47.18767360665533,18.081188944575672,70.49523246139108,8.031138922707056,72.76467950999502,37.215639035822484,17.09037127430353,59.76625946587473,25.76515994217462,30682.10281541885,90.5433649606997,23.817755752652612,14.825160679159724,River_Interpolated,5.361665698210742,7,5.791836002765703,7,6.024510268793936,7,6.053974318962827,7,6.152355072151403,7,6.26198140909475,7,0.4301703045549612,0.2326742660282326,0.029464050168891198,0.09838075318857609,0.10962633694334656,0.9003157108840076,1,7,3827.664766545781,527.6129782536057
0.000254879384966,1.858802537619953,0.004322167932667,0.471251746023637,43.7808505388099,19.233569041398347,69.42221322520186,7.497734247054215,69.82174048936794,37.202708279547714,18.738766380170272,57.054117100990645,26.52237832991171,30612.255747301297,90.5546937331564,23.866707381194825,14.106415939083414,River_Interpolated,4.82351526852152,5,5.275134376524982,7,5.413174420551327,7,5.447171948521947,7,5.588113243167189,7,5.655743193904702,7,0.45161910800346217,0.1380400440263445,0.03399752797062039,0.1409412946452422,0.06762995073751288,0.8322279253831821,14,2,309.84970155888715,2085.548269809357
0.062016914957064,4.362104932106184,0.031669464774386,5.488784472974411,55.800665262370636,28.817290020093697,68.00925409555862,1.84335939032071,45.80377894797457,31.663222511075983,55.568217251017025,27.93212268400627,18.682603948642747,26102.059879644185,90.26569590218114,23.759001704744012,18.552681100378134,River_Interpolated,5.400601074899864,7,5.681297535523941,7,6.083559066902774,7,6.1061933474837105,7,6.0949253484286015,7,6.042075242990477,7,0.2806964606240765,0.4022615313788336,0.022634280580936306,-0.011267999055109001,-0.052850105438124295,0.6414741680906131,4,4,1289.8107954377158,1739.1542640351388
0.000179450479034,1.545477106084175,0.003122885230598,0.334413923755601,44.56378788584261,18.583820283692464,69.445965190504,7.577121800245352,70.09930463220009,37.2029489984859,17.89302912615303,58.196310579525424,26.253688322036197,30490.932008144264,90.52982371618974,23.842936076527522,14.271030930097186,River_Interpolated,5.109312843892741,7,5.535995903031515,7,5.756259688485553,7,5.73515064463454,7,5.868971153962214,7,5.941775111606181,7,0.42668305913877447,0.2202637854540379,-0.021109043851012643,0.13382050932767342,0.07280395764396719,0.8324622677134403,4,2,2052.221928257294,3222.415119687588
0.009526057464328,4.009588030350493,0.00652755252751,2.305349804089564,81.74217041096803,22.974718206809417,46.22627424438797,2.532936413187354,42.88425332017775,31.30482732012964,28.273337277425377,43.31282765701957,27.873344174478675,28271.951230094568,90.11988163960153,23.897972259783554,11.348623503867836,River_Interpolated,5.091907059171015,5,5.483933201123317,5,5.7182660796916975,5,5.665461773958377,7,5.676945761074933,5,5.737724862515647,7,0.3920261419523019,0.23433287856838092,-0.05280430573332051,0.011483987116555738,0.060779101440714633,0.6458178033446327,12,3,482.31702336959967,2369.5843017687416
